[2026-06-11T10:36:09] [INFO] 
========== TEST RUN STARTED: 2026-06-11T05:06:09.513058Z ==========

[2026-06-11T10:36:10] [INFO] ✅ Environment validation successful
[2026-06-11T10:36:13] [INFO] 
========== TEST RUN STARTED: 2026-06-11T05:06:13.471402Z ==========

[2026-06-11T10:36:14] [INFO] ✅ Environment validation successful
[2026-06-11T10:36:14] [INFO] 
========== TEST RUN STARTED: 2026-06-11T05:06:14.345754Z ==========

[2026-06-11T10:36:15] [INFO] ✅ Environment validation successful
[2026-06-11T10:36:16] [INFO] 
========== TEST RUN STARTED: 2026-06-11T05:06:16.712099Z ==========

[2026-06-11T10:36:16] [INFO] 
========== TEST RUN STARTED: 2026-06-11T05:06:16.875153Z ==========

[2026-06-11T10:36:17] [INFO] ✅ Environment validation successful
[2026-06-11T10:36:18] [INFO] ✅ Environment validation successful
[2026-06-11T10:36:18] [INFO] 
========== TEST RUN STARTED: 2026-06-11T05:06:18.511117Z ==========

[2026-06-11T10:36:19] [INFO] ✅ Environment validation successful
[2026-06-11T10:36:19] [INFO] 
========== TEST RUN STARTED: 2026-06-11T05:06:19.320379Z ==========

[2026-06-11T10:36:19] [INFO] ✅ Environment validation successful
[2026-06-11T10:36:20] [INFO] 
========== TEST RUN STARTED: 2026-06-11T05:06:20.072438Z ==========

[2026-06-11T10:36:20] [INFO] 
========== TEST RUN STARTED: 2026-06-11T05:06:20.423049Z ==========

[2026-06-11T10:36:20] [INFO] ✅ Environment validation successful
[2026-06-11T10:36:20] [INFO] ✅ Environment validation successful
[2026-06-11T10:36:28] [INFO] Step: Executing Bank Transaction API Request | {"title": "AML Alert", "userId": 1}
[2026-06-11T10:36:28] [INFO] API POST Request initiated | {"url": "https://jsonplaceholder.typicode.com/posts", "body": {"title": "AML Alert", "body": "AML Compliance Alert Triggered", "userId": 1}}
[2026-06-11T10:36:28] [INFO] Step: Navigating to login page
[2026-06-11T10:36:28] [INFO] [LoginPage] Navigation attempt 1/3 | {"url": "https://www.saucedemo.com/"}
[2026-06-11T10:36:28] [INFO] Step: Navigating to login page
[2026-06-11T10:36:28] [INFO] Step: Navigating to login page
[2026-06-11T10:36:28] [INFO] [LoginPage] Navigation attempt 1/3 | {"url": "https://www.saucedemo.com/"}
[2026-06-11T10:36:28] [INFO] [LoginPage] Navigation attempt 1/3 | {"url": "https://www.saucedemo.com/"}
[2026-06-11T10:36:29] [INFO] Step: Navigating to login page
[2026-06-11T10:36:29] [INFO] [LoginPage] Navigation attempt 1/3 | {"url": "https://www.saucedemo.com/"}
[2026-06-11T10:36:29] [INFO] Step: Navigating to login page
[2026-06-11T10:36:29] [INFO] [LoginPage] Navigation attempt 1/3 | {"url": "https://www.saucedemo.com/"}
[2026-06-11T10:36:30] [INFO] API POST Response received | {"duration": "2454.69ms", "status": 201}
[2026-06-11T10:36:30] [INFO] Step: Validating API HTTP Status | {"actual": 201, "expected": 201}
[2026-06-11T10:36:30] [INFO] Validating HTTP status code | {"actual": 201, "expected": 201}
[2026-06-11T10:36:30] [INFO] ✅ Validation Passed: API Status matches
[2026-06-11T10:36:30] [INFO] Step: Validating transaction ID | {"id": 101}
[2026-06-11T10:36:30] [INFO] Validating transaction ID format | {"id": 101}
[2026-06-11T10:36:30] [INFO] ✅ Validation Passed: Transaction ID is valid and numeric
[2026-06-11T10:36:34] [INFO] [LoginPage] Navigation successful | {"attempt": 1}
[2026-06-11T10:36:34] [INFO] [LoginPage] Navigation successful | {"attempt": 1}
[2026-06-11T10:36:34] [INFO] Step: Inserting user credentials | {"username": "locked_out_user"}
[2026-06-11T10:36:34] [INFO] Step: Inserting user credentials | {"username": "problem_user"}
[2026-06-11T10:36:34] [INFO] [LoginPage] Navigation successful | {"attempt": 1}
[2026-06-11T10:36:34] [INFO] Step: Inserting user credentials | {"username": ""}
[2026-06-11T10:36:34] [INFO] [LoginPage] Navigation successful | {"attempt": 1}
[2026-06-11T10:36:34] [INFO] Step: Inserting user credentials | {"username": "problem_user"}
[2026-06-11T10:36:34] [INFO] [LoginPage] Navigation successful | {"attempt": 1}
[2026-06-11T10:36:34] [INFO] Step: Inserting user credentials | {"username": "prasad"}
[2026-06-11T10:36:35] [INFO] Step: Submitting login form
[2026-06-11T10:36:35] [INFO] Step: Submitting login form
[2026-06-11T10:36:35] [INFO] Step: Validating login error message
[2026-06-11T10:36:35] [INFO] Step: Submitting login form
[2026-06-11T10:36:36] [INFO] Validating login error message | {"actual": "Epic sadface: Username is required", "expected": "Epic sadface: Username is required"}
[2026-06-11T10:36:36] [INFO] ✅ Validation Passed: Login error message matches expected value
[2026-06-11T10:36:36] [INFO] Step: Validating login error message
[2026-06-11T10:36:36] [INFO] Validating login error message | {"actual": "Epic sadface: Sorry, this user has been locked out.", "expected": "Epic sadface: Sorry, this user has been locked out."}
[2026-06-11T10:36:36] [INFO] ✅ Validation Passed: Login error message matches expected value
[2026-06-11T10:36:36] [INFO] Step: Validating login error message
[2026-06-11T10:36:36] [INFO] Step: Submitting login form
[2026-06-11T10:36:37] [INFO] Step: Validating login error message
[2026-06-11T10:36:37] [INFO] Validating login error message | {"actual": "Epic sadface: Username and password do not match any user in this service", "expected": "Epic sadface: Username and password do not match any user in this service"}
[2026-06-11T10:36:37] [INFO] ✅ Validation Passed: Login error message matches expected value
[2026-06-11T10:36:37] [INFO] Validating login error message | {"actual": "Epic sadface: Password is required", "expected": "Epic sadface: Password is required"}
[2026-06-11T10:36:37] [INFO] ✅ Validation Passed: Login error message matches expected value
[2026-06-11T10:36:37] [INFO] Step: Submitting login form
[2026-06-11T10:36:38] [INFO] Step: Validating login error message
[2026-06-11T10:36:39] [INFO] Validating login error message | {"actual": "Epic sadface: Username and password do not match any user in this service", "expected": "Epic sadface: Username and password do not match any user in this service"}
[2026-06-11T10:36:39] [INFO] ✅ Validation Passed: Login error message matches expected value
[2026-06-11T10:37:25] [INFO] 
========== TEST RUN STARTED: 2026-06-11T05:07:25.103040Z ==========

[2026-06-11T10:37:25] [INFO] ✅ Environment validation successful
[2026-06-11T10:37:28] [INFO] 
========== TEST RUN STARTED: 2026-06-11T05:07:28.103493Z ==========

[2026-06-11T10:37:28] [INFO] 
========== TEST RUN STARTED: 2026-06-11T05:07:28.440279Z ==========

[2026-06-11T10:37:28] [INFO] ✅ Environment validation successful
[2026-06-11T10:37:28] [INFO] ✅ Environment validation successful
[2026-06-11T10:37:28] [INFO] 
========== TEST RUN STARTED: 2026-06-11T05:07:28.895916Z ==========

[2026-06-11T10:37:29] [INFO] 
========== TEST RUN STARTED: 2026-06-11T05:07:29.281399Z ==========

[2026-06-11T10:37:29] [INFO] ✅ Environment validation successful
[2026-06-11T10:37:29] [INFO] ✅ Environment validation successful
[2026-06-11T10:37:29] [INFO] 
========== TEST RUN STARTED: 2026-06-11T05:07:29.750399Z ==========

[2026-06-11T10:37:30] [INFO] ✅ Environment validation successful
[2026-06-11T10:37:30] [INFO] 
========== TEST RUN STARTED: 2026-06-11T05:07:30.241345Z ==========

[2026-06-11T10:37:30] [INFO] 
========== TEST RUN STARTED: 2026-06-11T05:07:30.425643Z ==========

[2026-06-11T10:37:30] [INFO] ✅ Environment validation successful
[2026-06-11T10:37:30] [INFO] 
========== TEST RUN STARTED: 2026-06-11T05:07:30.547568Z ==========

[2026-06-11T10:37:30] [INFO] ✅ Environment validation successful
[2026-06-11T10:37:30] [INFO] ✅ Environment validation successful
[2026-06-11T10:37:33] [INFO] Step: Navigating to login page
[2026-06-11T10:37:33] [INFO] [LoginPage] Navigation attempt 1/3 | {"url": "https://www.saucedemo.com/"}
[2026-06-11T10:37:33] [INFO] Step: Executing Bank Transaction API Request | {"title": "AML Alert", "userId": 1}
[2026-06-11T10:37:33] [INFO] API POST Request initiated | {"url": "https://jsonplaceholder.typicode.com/posts", "body": {"title": "AML Alert", "body": "AML Compliance Alert Triggered", "userId": 1}}
[2026-06-11T10:37:34] [INFO] Step: Navigating to login page
[2026-06-11T10:37:34] [INFO] [LoginPage] Navigation attempt 1/3 | {"url": "https://www.saucedemo.com/"}
[2026-06-11T10:37:34] [INFO] Step: Navigating to login page
[2026-06-11T10:37:34] [INFO] [LoginPage] Navigation attempt 1/3 | {"url": "https://www.saucedemo.com/"}
[2026-06-11T10:37:34] [INFO] Step: Navigating to login page
[2026-06-11T10:37:34] [INFO] [LoginPage] Navigation attempt 1/3 | {"url": "https://www.saucedemo.com/"}
[2026-06-11T10:37:34] [INFO] Step: Navigating to login page
[2026-06-11T10:37:34] [INFO] [LoginPage] Navigation attempt 1/3 | {"url": "https://www.saucedemo.com/"}
[2026-06-11T10:37:34] [INFO] [LoginPage] Navigation successful | {"attempt": 1}
[2026-06-11T10:37:34] [INFO] Step: Inserting user credentials | {"username": "problem_user"}
[2026-06-11T10:37:34] [INFO] [LoginPage] Navigation successful | {"attempt": 1}
[2026-06-11T10:37:34] [INFO] Step: Inserting user credentials | {"username": "prasad"}
[2026-06-11T10:37:34] [INFO] [LoginPage] Navigation successful | {"attempt": 1}
[2026-06-11T10:37:34] [INFO] Step: Inserting user credentials | {"username": ""}
[2026-06-11T10:37:34] [INFO] [LoginPage] Navigation successful | {"attempt": 1}
[2026-06-11T10:37:34] [INFO] Step: Inserting user credentials | {"username": "problem_user"}
[2026-06-11T10:37:35] [INFO] [LoginPage] Navigation successful | {"attempt": 1}
[2026-06-11T10:37:35] [INFO] Step: Inserting user credentials | {"username": "locked_out_user"}
[2026-06-11T10:37:35] [INFO] Step: Submitting login form
[2026-06-11T10:37:35] [INFO] Step: Validating login error message
[2026-06-11T10:37:35] [INFO] Step: Submitting login form
[2026-06-11T10:37:35] [INFO] Validating login error message | {"actual": "Epic sadface: Username and password do not match any user in this service", "expected": "Epic sadface: Username and password do not match any user in this service"}
[2026-06-11T10:37:35] [INFO] ✅ Validation Passed: Login error message matches expected value
[2026-06-11T10:37:35] [INFO] Step: Submitting login form
[2026-06-11T10:37:35] [INFO] Step: Validating login error message
[2026-06-11T10:37:35] [INFO] Validating login error message | {"actual": "Epic sadface: Password is required", "expected": "Epic sadface: Password is required"}
[2026-06-11T10:37:35] [INFO] ✅ Validation Passed: Login error message matches expected value
[2026-06-11T10:37:35] [INFO] Step: Submitting login form
[2026-06-11T10:37:36] [INFO] Step: Validating login error message
[2026-06-11T10:37:36] [INFO] Validating login error message | {"actual": "Epic sadface: Username and password do not match any user in this service", "expected": "Epic sadface: Username and password do not match any user in this service"}
[2026-06-11T10:37:36] [INFO] ✅ Validation Passed: Login error message matches expected value
[2026-06-11T10:37:36] [INFO] Step: Validating login error message
[2026-06-11T10:37:36] [INFO] Step: Submitting login form
[2026-06-11T10:37:36] [INFO] Validating login error message | {"actual": "Epic sadface: Username is required", "expected": "Epic sadface: Username is required"}
[2026-06-11T10:37:36] [INFO] ✅ Validation Passed: Login error message matches expected value
[2026-06-11T10:37:36] [INFO] Step: Validating login error message
[2026-06-11T10:37:36] [INFO] Validating login error message | {"actual": "Epic sadface: Sorry, this user has been locked out.", "expected": "Epic sadface: Sorry, this user has been locked out."}
[2026-06-11T10:37:36] [INFO] ✅ Validation Passed: Login error message matches expected value
[2026-06-11T10:37:37] [INFO] API POST Response received | {"duration": "3445.12ms", "status": 201}
[2026-06-11T10:37:37] [INFO] Step: Validating API HTTP Status | {"actual": 201, "expected": 201}
[2026-06-11T10:37:37] [INFO] Validating HTTP status code | {"actual": 201, "expected": 201}
[2026-06-11T10:37:37] [INFO] ✅ Validation Passed: API Status matches
[2026-06-11T10:37:37] [INFO] Step: Validating transaction ID | {"id": 101}
[2026-06-11T10:37:37] [INFO] Validating transaction ID format | {"id": 101}
[2026-06-11T10:37:37] [INFO] ✅ Validation Passed: Transaction ID is valid and numeric
[2026-06-11T10:40:30] [INFO] 
========== TEST RUN STARTED: 2026-06-11T05:10:30.076386Z ==========

[2026-06-11T10:40:30] [INFO] ✅ Environment validation successful
[2026-06-11T10:40:33] [INFO] 
========== TEST RUN STARTED: 2026-06-11T05:10:33.145144Z ==========

[2026-06-11T10:40:33] [INFO] 
========== TEST RUN STARTED: 2026-06-11T05:10:33.585662Z ==========

[2026-06-11T10:40:33] [INFO] ✅ Environment validation successful
[2026-06-11T10:40:34] [INFO] 
========== TEST RUN STARTED: 2026-06-11T05:10:34.050038Z ==========

[2026-06-11T10:40:34] [INFO] ✅ Environment validation successful
[2026-06-11T10:40:34] [INFO] ✅ Environment validation successful
[2026-06-11T10:40:34] [INFO] 
========== TEST RUN STARTED: 2026-06-11T05:10:34.734905Z ==========

[2026-06-11T10:40:35] [INFO] 
========== TEST RUN STARTED: 2026-06-11T05:10:35.113069Z ==========

[2026-06-11T10:40:35] [INFO] ✅ Environment validation successful
[2026-06-11T10:40:35] [INFO] 
========== TEST RUN STARTED: 2026-06-11T05:10:35.463378Z ==========

[2026-06-11T10:40:35] [INFO] ✅ Environment validation successful
[2026-06-11T10:40:35] [INFO] 
========== TEST RUN STARTED: 2026-06-11T05:10:35.631412Z ==========

[2026-06-11T10:40:35] [INFO] ✅ Environment validation successful
[2026-06-11T10:40:35] [INFO] ✅ Environment validation successful
[2026-06-11T10:40:35] [INFO] 
========== TEST RUN STARTED: 2026-06-11T05:10:35.974361Z ==========

[2026-06-11T10:40:36] [INFO] ✅ Environment validation successful
[2026-06-11T10:40:39] [INFO] Step: Navigating to login page
[2026-06-11T10:40:39] [INFO] [LoginPage] Navigation attempt 1/3 | {"url": "https://www.saucedemo.com/"}
[2026-06-11T10:40:39] [INFO] Step: Executing Bank Transaction API Request | {"title": "AML Alert", "userId": 1}
[2026-06-11T10:40:39] [INFO] API POST Request initiated | {"url": "https://jsonplaceholder.typicode.com/posts", "body": {"title": "AML Alert", "body": "AML Compliance Alert Triggered", "userId": 1}}
[2026-06-11T10:40:39] [INFO] Step: Navigating to login page
[2026-06-11T10:40:39] [INFO] [LoginPage] Navigation attempt 1/3 | {"url": "https://www.saucedemo.com/"}
[2026-06-11T10:40:39] [INFO] Step: Navigating to login page
[2026-06-11T10:40:39] [INFO] [LoginPage] Navigation attempt 1/3 | {"url": "https://www.saucedemo.com/"}
[2026-06-11T10:40:39] [INFO] Step: Navigating to login page
[2026-06-11T10:40:39] [INFO] [LoginPage] Navigation attempt 1/3 | {"url": "https://www.saucedemo.com/"}
[2026-06-11T10:40:40] [INFO] Step: Navigating to login page
[2026-06-11T10:40:40] [INFO] [LoginPage] Navigation attempt 1/3 | {"url": "https://www.saucedemo.com/"}
[2026-06-11T10:40:40] [INFO] [LoginPage] Navigation successful | {"attempt": 1}
[2026-06-11T10:40:40] [INFO] Step: Inserting user credentials | {"username": "locked_out_user"}
[2026-06-11T10:40:40] [INFO] [LoginPage] Navigation successful | {"attempt": 1}
[2026-06-11T10:40:40] [INFO] Step: Inserting user credentials | {"username": "problem_user"}
[2026-06-11T10:40:40] [INFO] [LoginPage] Navigation successful | {"attempt": 1}
[2026-06-11T10:40:40] [INFO] Step: Inserting user credentials | {"username": ""}
[2026-06-11T10:40:40] [INFO] [LoginPage] Navigation successful | {"attempt": 1}
[2026-06-11T10:40:40] [INFO] Step: Inserting user credentials | {"username": "problem_user"}
[2026-06-11T10:40:41] [INFO] [LoginPage] Navigation successful | {"attempt": 1}
[2026-06-11T10:40:41] [INFO] Step: Inserting user credentials | {"username": "prasad"}
[2026-06-11T10:40:41] [INFO] Step: Submitting login form
[2026-06-11T10:40:41] [INFO] Step: Submitting login form
[2026-06-11T10:40:41] [INFO] Step: Validating login error message
[2026-06-11T10:40:41] [INFO] Step: Validating login error message
[2026-06-11T10:40:41] [INFO] Validating login error message | {"actual": "Epic sadface: Sorry, this user has been locked out.", "expected": "Epic sadface: Sorry, this user has been locked out."}
[2026-06-11T10:40:41] [INFO] ✅ Validation Passed: Login error message matches expected value
[2026-06-11T10:40:41] [INFO] Step: Submitting login form
[2026-06-11T10:40:41] [INFO] Validating login error message | {"actual": "Epic sadface: Username and password do not match any user in this service", "expected": "Epic sadface: Username and password do not match any user in this service"}
[2026-06-11T10:40:41] [INFO] ✅ Validation Passed: Login error message matches expected value
[2026-06-11T10:40:42] [INFO] Step: Validating login error message
[2026-06-11T10:40:42] [INFO] Validating login error message | {"actual": "Epic sadface: Username is required", "expected": "Epic sadface: Username is required"}
[2026-06-11T10:40:42] [INFO] ✅ Validation Passed: Login error message matches expected value
[2026-06-11T10:40:42] [INFO] Step: Submitting login form
[2026-06-11T10:40:42] [INFO] API POST Response received | {"duration": "2751.31ms", "status": 201}
[2026-06-11T10:40:42] [INFO] Step: Validating API HTTP Status | {"actual": 201, "expected": 201}
[2026-06-11T10:40:42] [INFO] Validating HTTP status code | {"actual": 201, "expected": 201}
[2026-06-11T10:40:42] [INFO] ✅ Validation Passed: API Status matches
[2026-06-11T10:40:42] [INFO] Step: Validating transaction ID | {"id": 101}
[2026-06-11T10:40:42] [INFO] Validating transaction ID format | {"id": 101}
[2026-06-11T10:40:42] [INFO] ✅ Validation Passed: Transaction ID is valid and numeric
[2026-06-11T10:40:42] [INFO] Step: Validating login error message
[2026-06-11T10:40:42] [INFO] Validating login error message | {"actual": "Epic sadface: Password is required", "expected": "Epic sadface: Password is required"}
[2026-06-11T10:40:42] [INFO] ✅ Validation Passed: Login error message matches expected value
[2026-06-11T10:40:43] [INFO] Step: Submitting login form
[2026-06-11T10:40:43] [INFO] Step: Validating login error message
[2026-06-11T10:40:43] [INFO] Validating login error message | {"actual": "Epic sadface: Username and password do not match any user in this service", "expected": "Epic sadface: Username and password do not match any user in this service"}
[2026-06-11T10:40:43] [INFO] ✅ Validation Passed: Login error message matches expected value
[2026-06-11T10:43:47] [INFO] 
========== TEST RUN STARTED: 2026-06-11T05:13:47.913302Z ==========

[2026-06-11T10:43:48] [INFO] ✅ Environment validation successful
[2026-06-11T10:43:51] [INFO] Step: Executing Bank Transaction API Request | {"title": "AML Alert", "userId": 1}
[2026-06-11T10:43:51] [INFO] API POST Request initiated | {"url": "https://jsonplaceholder.typicode.com/posts", "body": {"title": "AML Alert", "body": "AML Compliance Alert Triggered", "userId": 1}}
[2026-06-11T10:43:52] [INFO] API POST Response received | {"duration": "1607.85ms", "status": 201}
[2026-06-11T10:43:52] [INFO] Step: Validating API HTTP Status | {"actual": 201, "expected": 201}
[2026-06-11T10:43:52] [INFO] Validating HTTP status code | {"actual": 201, "expected": 201}
[2026-06-11T10:43:52] [INFO] ✅ Validation Passed: API Status matches
[2026-06-11T10:43:52] [INFO] Step: Validating transaction ID | {"id": 101}
[2026-06-11T10:43:52] [INFO] Validating transaction ID format | {"id": 101}
[2026-06-11T10:43:52] [INFO] ✅ Validation Passed: Transaction ID is valid and numeric
[2026-06-11T10:43:53] [INFO] Step: Navigating to login page
[2026-06-11T10:43:53] [INFO] [LoginPage] Navigation attempt 1/3 | {"url": "https://www.saucedemo.com/"}
[2026-06-11T10:43:53] [INFO] [LoginPage] Navigation successful | {"attempt": 1}
[2026-06-11T10:43:53] [INFO] Step: Inserting user credentials | {"username": "prasad"}
[2026-06-11T10:43:54] [INFO] Step: Submitting login form
[2026-06-11T10:43:54] [INFO] Step: Validating login error message
[2026-06-11T10:43:54] [INFO] Validating login error message | {"actual": "Epic sadface: Username and password do not match any user in this service", "expected": "Epic sadface: Username and password do not match any user in this service"}
[2026-06-11T10:43:54] [INFO] ✅ Validation Passed: Login error message matches expected value
[2026-06-11T10:43:54] [INFO] Step: Navigating to login page
[2026-06-11T10:43:54] [INFO] [LoginPage] Navigation attempt 1/3 | {"url": "https://www.saucedemo.com/"}
[2026-06-11T10:43:55] [INFO] [LoginPage] Navigation successful | {"attempt": 1}
[2026-06-11T10:43:55] [INFO] Step: Inserting user credentials | {"username": "problem_user"}
[2026-06-11T10:43:55] [INFO] Step: Submitting login form
[2026-06-11T10:43:55] [INFO] Step: Validating login error message
[2026-06-11T10:43:55] [INFO] Validating login error message | {"actual": "Epic sadface: Username and password do not match any user in this service", "expected": "Epic sadface: Username and password do not match any user in this service"}
[2026-06-11T10:43:55] [INFO] ✅ Validation Passed: Login error message matches expected value
[2026-06-11T10:43:56] [INFO] Step: Navigating to login page
[2026-06-11T10:43:56] [INFO] [LoginPage] Navigation attempt 1/3 | {"url": "https://www.saucedemo.com/"}
[2026-06-11T10:43:56] [INFO] [LoginPage] Navigation successful | {"attempt": 1}
[2026-06-11T10:43:56] [INFO] Step: Inserting user credentials | {"username": "problem_user"}
[2026-06-11T10:43:57] [INFO] Step: Submitting login form
[2026-06-11T10:43:57] [INFO] Step: Validating login error message
[2026-06-11T10:43:57] [INFO] Validating login error message | {"actual": "Epic sadface: Password is required", "expected": "Epic sadface: Password is required"}
[2026-06-11T10:43:57] [INFO] ✅ Validation Passed: Login error message matches expected value
[2026-06-11T10:43:57] [INFO] Step: Navigating to login page
[2026-06-11T10:43:57] [INFO] [LoginPage] Navigation attempt 1/3 | {"url": "https://www.saucedemo.com/"}
[2026-06-11T10:43:58] [INFO] [LoginPage] Navigation successful | {"attempt": 1}
[2026-06-11T10:43:58] [INFO] Step: Inserting user credentials | {"username": ""}
[2026-06-11T10:43:58] [INFO] Step: Submitting login form
[2026-06-11T10:43:58] [INFO] Step: Validating login error message
[2026-06-11T10:43:58] [INFO] Validating login error message | {"actual": "Epic sadface: Username is required", "expected": "Epic sadface: Username is required"}
[2026-06-11T10:43:58] [INFO] ✅ Validation Passed: Login error message matches expected value
[2026-06-11T10:43:59] [INFO] Step: Navigating to login page
[2026-06-11T10:43:59] [INFO] [LoginPage] Navigation attempt 1/3 | {"url": "https://www.saucedemo.com/"}
[2026-06-11T10:44:00] [INFO] [LoginPage] Navigation successful | {"attempt": 1}
[2026-06-11T10:44:00] [INFO] Step: Inserting user credentials | {"username": "locked_out_user"}
[2026-06-11T10:44:00] [INFO] Step: Submitting login form
[2026-06-11T10:44:00] [INFO] Step: Validating login error message
[2026-06-11T10:44:00] [INFO] Validating login error message | {"actual": "Epic sadface: Sorry, this user has been locked out.", "expected": "Epic sadface: Sorry, this user has been locked out."}
[2026-06-11T10:44:00] [INFO] ✅ Validation Passed: Login error message matches expected value
[2026-06-11T10:44:00] [INFO] 
========== TEST RUN COMPLETED ==========

[2026-06-11T10:46:45] [INFO] 
========== TEST RUN STARTED: 2026-06-11T05:16:45.702311Z ==========

[2026-06-11T10:46:45] [INFO] ✅ Environment validation successful
[2026-06-11T10:46:47] [INFO] Step: Executing Bank Transaction API Request | {"title": "AML Alert", "userId": 1}
[2026-06-11T10:46:47] [INFO] API POST Request initiated | {"url": "https://jsonplaceholder.typicode.com/posts", "body": {"title": "AML Alert", "body": "AML Compliance Alert Triggered", "userId": 1}}
[2026-06-11T10:46:48] [INFO] API POST Response received | {"duration": "1471.70ms", "status": 201}
[2026-06-11T10:46:48] [INFO] Step: Validating API HTTP Status | {"actual": 201, "expected": 201}
[2026-06-11T10:46:48] [INFO] Validating HTTP status code | {"actual": 201, "expected": 201}
[2026-06-11T10:46:48] [INFO] ✅ Validation Passed: API Status matches
[2026-06-11T10:46:48] [INFO] Step: Validating transaction ID | {"id": 101}
[2026-06-11T10:46:48] [INFO] Validating transaction ID format | {"id": 101}
[2026-06-11T10:46:48] [INFO] ✅ Validation Passed: Transaction ID is valid and numeric
[2026-06-11T10:46:48] [INFO] Step: Navigating to login page
[2026-06-11T10:46:48] [INFO] [LoginPage] Navigation attempt 1/3 | {"url": "https://www.saucedemo.com/"}
[2026-06-11T10:46:49] [INFO] [LoginPage] Navigation successful | {"attempt": 1}
[2026-06-11T10:46:49] [INFO] Step: Inserting user credentials | {"username": "prasad"}
[2026-06-11T10:46:49] [INFO] Step: Submitting login form
[2026-06-11T10:46:49] [INFO] Step: Validating login error message
[2026-06-11T10:46:49] [INFO] Validating login error message | {"actual": "Epic sadface: Username and password do not match any user in this service", "expected": "Epic sadface: Username and password do not match any user in this service"}
[2026-06-11T10:46:49] [INFO] ✅ Validation Passed: Login error message matches expected value
[2026-06-11T10:46:50] [INFO] Step: Navigating to login page
[2026-06-11T10:46:50] [INFO] [LoginPage] Navigation attempt 1/3 | {"url": "https://www.saucedemo.com/"}
[2026-06-11T10:46:50] [INFO] [LoginPage] Navigation successful | {"attempt": 1}
[2026-06-11T10:46:50] [INFO] Step: Inserting user credentials | {"username": "problem_user"}
[2026-06-11T10:46:50] [INFO] Step: Submitting login form
[2026-06-11T10:46:50] [INFO] Step: Validating login error message
[2026-06-11T10:46:50] [INFO] Validating login error message | {"actual": "Epic sadface: Username and password do not match any user in this service", "expected": "Epic sadface: Username and password do not match any user in this service"}
[2026-06-11T10:46:50] [INFO] ✅ Validation Passed: Login error message matches expected value
[2026-06-11T10:46:51] [INFO] Step: Navigating to login page
[2026-06-11T10:46:51] [INFO] [LoginPage] Navigation attempt 1/3 | {"url": "https://www.saucedemo.com/"}
[2026-06-11T10:46:51] [INFO] [LoginPage] Navigation successful | {"attempt": 1}
[2026-06-11T10:46:51] [INFO] Step: Inserting user credentials | {"username": "problem_user"}
[2026-06-11T10:46:51] [INFO] Step: Submitting login form
[2026-06-11T10:46:51] [INFO] Step: Validating login error message
[2026-06-11T10:46:52] [INFO] Validating login error message | {"actual": "Epic sadface: Password is required", "expected": "Epic sadface: Password is required"}
[2026-06-11T10:46:52] [INFO] ✅ Validation Passed: Login error message matches expected value
[2026-06-11T10:46:52] [INFO] Step: Navigating to login page
[2026-06-11T10:46:52] [INFO] [LoginPage] Navigation attempt 1/3 | {"url": "https://www.saucedemo.com/"}
[2026-06-11T10:46:52] [INFO] [LoginPage] Navigation successful | {"attempt": 1}
[2026-06-11T10:46:52] [INFO] Step: Inserting user credentials | {"username": ""}
[2026-06-11T10:46:53] [INFO] Step: Submitting login form
[2026-06-11T10:46:53] [INFO] Step: Validating login error message
[2026-06-11T10:46:53] [INFO] Validating login error message | {"actual": "Epic sadface: Username is required", "expected": "Epic sadface: Username is required"}
[2026-06-11T10:46:53] [INFO] ✅ Validation Passed: Login error message matches expected value
[2026-06-11T10:46:53] [INFO] Step: Navigating to login page
[2026-06-11T10:46:53] [INFO] [LoginPage] Navigation attempt 1/3 | {"url": "https://www.saucedemo.com/"}
[2026-06-11T10:46:53] [INFO] [LoginPage] Navigation successful | {"attempt": 1}
[2026-06-11T10:46:53] [INFO] Step: Inserting user credentials | {"username": "locked_out_user"}
[2026-06-11T10:46:54] [INFO] Step: Submitting login form
[2026-06-11T10:46:54] [INFO] Step: Validating login error message
[2026-06-11T10:46:54] [INFO] Validating login error message | {"actual": "Epic sadface: Sorry, this user has been locked out.", "expected": "Epic sadface: Sorry, this user has been locked out."}
[2026-06-11T10:46:54] [INFO] ✅ Validation Passed: Login error message matches expected value
[2026-06-11T10:46:54] [INFO] 
========== TEST RUN COMPLETED ==========

[2026-06-11T10:51:52] [INFO] 
========== TEST RUN STARTED: 2026-06-11T05:21:52.259885Z ==========

[2026-06-11T10:51:52] [INFO] ✅ Environment validation successful
[2026-06-11T10:51:53] [INFO] Step: Executing Bank Transaction API Request | {"title": "AML Alert", "userId": 1}
[2026-06-11T10:51:53] [INFO] API POST Request initiated | {"url": "https://jsonplaceholder.typicode.com/posts", "body": {"title": "AML Alert", "body": "AML Compliance Alert Triggered", "userId": 1}}
[2026-06-11T10:52:17] [INFO] API POST Response received | {"duration": "23479.53ms", "status": 201}
[2026-06-11T10:52:17] [INFO] Step: Validating API HTTP Status | {"actual": 201, "expected": 201}
[2026-06-11T10:52:17] [INFO] Validating HTTP status code | {"actual": 201, "expected": 201}
[2026-06-11T10:52:17] [INFO] ✅ Validation Passed: API Status matches
[2026-06-11T10:52:17] [INFO] Step: Validating transaction ID | {"id": 101}
[2026-06-11T10:52:17] [INFO] Validating transaction ID format | {"id": 101}
[2026-06-11T10:52:17] [INFO] ✅ Validation Passed: Transaction ID is valid and numeric
[2026-06-11T10:52:21] [INFO] Step: Navigating to login page
[2026-06-11T10:52:21] [INFO] [LoginPage] Navigation attempt 1/3 | {"url": "https://www.saucedemo.com/"}
[2026-06-11T10:52:21] [INFO] [LoginPage] Navigation successful | {"attempt": 1}
[2026-06-11T10:52:21] [INFO] Step: Inserting user credentials | {"username": "prasad"}
[2026-06-11T10:52:22] [INFO] Step: Submitting login form
[2026-06-11T10:52:22] [INFO] Step: Validating login error message
[2026-06-11T10:52:22] [INFO] Validating login error message | {"actual": "Epic sadface: Username and password do not match any user in this service", "expected": "Epic sadface: Username and password do not match any user in this service"}
[2026-06-11T10:52:22] [INFO] ✅ Validation Passed: Login error message matches expected value
[2026-06-11T10:52:22] [INFO] Step: Navigating to login page
[2026-06-11T10:52:22] [INFO] [LoginPage] Navigation attempt 1/3 | {"url": "https://www.saucedemo.com/"}
[2026-06-11T10:52:23] [INFO] [LoginPage] Navigation successful | {"attempt": 1}
[2026-06-11T10:52:23] [INFO] Step: Inserting user credentials | {"username": "problem_user"}
[2026-06-11T10:52:23] [INFO] Step: Submitting login form
[2026-06-11T10:52:23] [INFO] Step: Validating login error message
[2026-06-11T10:52:23] [INFO] Validating login error message | {"actual": "Epic sadface: Username and password do not match any user in this service", "expected": "Epic sadface: Username and password do not match any user in this service"}
[2026-06-11T10:52:23] [INFO] ✅ Validation Passed: Login error message matches expected value
[2026-06-11T10:52:23] [INFO] Step: Navigating to login page
[2026-06-11T10:52:23] [INFO] [LoginPage] Navigation attempt 1/3 | {"url": "https://www.saucedemo.com/"}
[2026-06-11T10:52:24] [INFO] [LoginPage] Navigation successful | {"attempt": 1}
[2026-06-11T10:52:24] [INFO] Step: Inserting user credentials | {"username": "problem_user"}
[2026-06-11T10:52:24] [INFO] Step: Submitting login form
[2026-06-11T10:52:24] [INFO] Step: Validating login error message
[2026-06-11T10:52:24] [INFO] Validating login error message | {"actual": "Epic sadface: Password is required", "expected": "Epic sadface: Password is required"}
[2026-06-11T10:52:24] [INFO] ✅ Validation Passed: Login error message matches expected value
[2026-06-11T10:52:24] [INFO] Step: Navigating to login page
[2026-06-11T10:52:24] [INFO] [LoginPage] Navigation attempt 1/3 | {"url": "https://www.saucedemo.com/"}
[2026-06-11T10:52:25] [INFO] [LoginPage] Navigation successful | {"attempt": 1}
[2026-06-11T10:52:25] [INFO] Step: Inserting user credentials | {"username": ""}
[2026-06-11T10:52:25] [INFO] Step: Submitting login form
[2026-06-11T10:52:25] [INFO] Step: Validating login error message
[2026-06-11T10:52:25] [INFO] Validating login error message | {"actual": "Epic sadface: Username is required", "expected": "Epic sadface: Username is required"}
[2026-06-11T10:52:25] [INFO] ✅ Validation Passed: Login error message matches expected value
[2026-06-11T10:52:25] [INFO] Step: Navigating to login page
[2026-06-11T10:52:25] [INFO] [LoginPage] Navigation attempt 1/3 | {"url": "https://www.saucedemo.com/"}
[2026-06-11T10:52:26] [INFO] [LoginPage] Navigation successful | {"attempt": 1}
[2026-06-11T10:52:26] [INFO] Step: Inserting user credentials | {"username": "locked_out_user"}
[2026-06-11T10:52:26] [INFO] Step: Submitting login form
[2026-06-11T10:52:26] [INFO] Step: Validating login error message
[2026-06-11T10:52:26] [INFO] Validating login error message | {"actual": "Epic sadface: Sorry, this user has been locked out.", "expected": "Epic sadface: Sorry, this user has been locked out."}
[2026-06-11T10:52:26] [INFO] ✅ Validation Passed: Login error message matches expected value
[2026-06-11T10:52:27] [INFO] 
========== TEST RUN COMPLETED ==========

[2026-06-11T10:54:20] [INFO] 
========== TEST RUN STARTED: 2026-06-11T05:24:20.322790Z ==========

[2026-06-11T10:54:20] [INFO] ✅ Environment validation successful
[2026-06-11T10:54:21] [INFO] Step: Executing Bank Transaction API Request | {"title": "AML Alert", "userId": 1}
[2026-06-11T10:54:21] [INFO] API POST Request initiated | {"url": "https://jsonplaceholder.typicode.com/posts", "body": {"title": "AML Alert", "body": "AML Compliance Alert Triggered", "userId": 1}}
[2026-06-11T10:54:43] [INFO] API POST Response received | {"duration": "22346.71ms", "status": 201}
[2026-06-11T10:54:43] [INFO] Step: Validating API HTTP Status | {"actual": 201, "expected": 201}
[2026-06-11T10:54:43] [INFO] Validating HTTP status code | {"actual": 201, "expected": 201}
[2026-06-11T10:54:43] [INFO] ✅ Validation Passed: API Status matches
[2026-06-11T10:54:43] [INFO] Step: Validating transaction ID | {"id": 101}
[2026-06-11T10:54:43] [INFO] Validating transaction ID format | {"id": 101}
[2026-06-11T10:54:43] [INFO] ✅ Validation Passed: Transaction ID is valid and numeric
[2026-06-11T10:54:45] [INFO] Step: Navigating to login page
[2026-06-11T10:54:45] [INFO] [LoginPage] Navigation attempt 1/3 | {"url": "https://www.saucedemo.com/"}
[2026-06-11T10:54:46] [INFO] [LoginPage] Navigation successful | {"attempt": 1}
[2026-06-11T10:54:46] [INFO] Step: Inserting user credentials | {"username": "prasad"}
[2026-06-11T10:54:46] [INFO] Step: Submitting login form
[2026-06-11T10:54:46] [INFO] Step: Validating login error message
[2026-06-11T10:54:46] [INFO] Validating login error message | {"actual": "Epic sadface: Username and password do not match any user in this service", "expected": "Epic sadface: Username and password do not match any user in this service"}
[2026-06-11T10:54:46] [INFO] ✅ Validation Passed: Login error message matches expected value
[2026-06-11T10:54:46] [INFO] Step: Navigating to login page
[2026-06-11T10:54:46] [INFO] [LoginPage] Navigation attempt 1/3 | {"url": "https://www.saucedemo.com/"}
[2026-06-11T10:54:47] [INFO] [LoginPage] Navigation successful | {"attempt": 1}
[2026-06-11T10:54:47] [INFO] Step: Inserting user credentials | {"username": "problem_user"}
[2026-06-11T10:54:47] [INFO] Step: Submitting login form
[2026-06-11T10:54:47] [INFO] Step: Validating login error message
[2026-06-11T10:54:47] [INFO] Validating login error message | {"actual": "Epic sadface: Username and password do not match any user in this service", "expected": "Epic sadface: Username and password do not match any user in this service"}
[2026-06-11T10:54:47] [INFO] ✅ Validation Passed: Login error message matches expected value
[2026-06-11T10:54:47] [INFO] Step: Navigating to login page
[2026-06-11T10:54:47] [INFO] [LoginPage] Navigation attempt 1/3 | {"url": "https://www.saucedemo.com/"}
[2026-06-11T10:54:48] [INFO] [LoginPage] Navigation successful | {"attempt": 1}
[2026-06-11T10:54:48] [INFO] Step: Inserting user credentials | {"username": "problem_user"}
[2026-06-11T10:54:48] [INFO] Step: Submitting login form
[2026-06-11T10:54:48] [INFO] Step: Validating login error message
[2026-06-11T10:54:48] [INFO] Validating login error message | {"actual": "Epic sadface: Password is required", "expected": "Epic sadface: Password is required"}
[2026-06-11T10:54:48] [INFO] ✅ Validation Passed: Login error message matches expected value
[2026-06-11T10:54:48] [INFO] Step: Navigating to login page
[2026-06-11T10:54:48] [INFO] [LoginPage] Navigation attempt 1/3 | {"url": "https://www.saucedemo.com/"}
[2026-06-11T10:54:49] [INFO] [LoginPage] Navigation successful | {"attempt": 1}
[2026-06-11T10:54:49] [INFO] Step: Inserting user credentials | {"username": ""}
[2026-06-11T10:54:49] [INFO] Step: Submitting login form
[2026-06-11T10:54:49] [INFO] Step: Validating login error message
[2026-06-11T10:54:49] [INFO] Validating login error message | {"actual": "Epic sadface: Username is required", "expected": "Epic sadface: Username is required"}
[2026-06-11T10:54:49] [INFO] ✅ Validation Passed: Login error message matches expected value
[2026-06-11T10:54:49] [INFO] Step: Navigating to login page
[2026-06-11T10:54:49] [INFO] [LoginPage] Navigation attempt 1/3 | {"url": "https://www.saucedemo.com/"}
[2026-06-11T10:54:50] [INFO] [LoginPage] Navigation successful | {"attempt": 1}
[2026-06-11T10:54:50] [INFO] Step: Inserting user credentials | {"username": "locked_out_user"}
[2026-06-11T10:54:50] [INFO] Step: Submitting login form
[2026-06-11T10:54:50] [INFO] Step: Validating login error message
[2026-06-11T10:54:50] [INFO] Validating login error message | {"actual": "Epic sadface: Sorry, this user has been locked out.", "expected": "Epic sadface: Sorry, this user has been locked out."}
[2026-06-11T10:54:50] [INFO] ✅ Validation Passed: Login error message matches expected value
[2026-06-11T10:54:50] [INFO] 
========== TEST RUN COMPLETED ==========

[2026-06-11T11:01:00] [INFO] 
========== TEST RUN STARTED: 2026-06-11T05:31:00.951767Z ==========

[2026-06-11T11:01:01] [INFO] ✅ Environment validation successful
[2026-06-11T11:01:02] [INFO] 
========== TEST RUN STARTED: 2026-06-11T05:31:02.931455Z ==========

[2026-06-11T11:01:03] [INFO] 
========== TEST RUN STARTED: 2026-06-11T05:31:03.240778Z ==========

[2026-06-11T11:01:03] [INFO] ✅ Environment validation successful
[2026-06-11T11:01:03] [INFO] 
========== TEST RUN STARTED: 2026-06-11T05:31:03.573600Z ==========

[2026-06-11T11:01:03] [INFO] ✅ Environment validation successful
[2026-06-11T11:01:03] [INFO] ✅ Environment validation successful
[2026-06-11T11:01:03] [INFO] 
========== TEST RUN STARTED: 2026-06-11T05:31:03.880851Z ==========

[2026-06-11T11:01:04] [INFO] 
========== TEST RUN STARTED: 2026-06-11T05:31:04.132864Z ==========

[2026-06-11T11:01:04] [INFO] ✅ Environment validation successful
[2026-06-11T11:01:04] [INFO] 
========== TEST RUN STARTED: 2026-06-11T05:31:04.354622Z ==========

[2026-06-11T11:01:04] [INFO] ✅ Environment validation successful
[2026-06-11T11:01:04] [INFO] 
========== TEST RUN STARTED: 2026-06-11T05:31:04.485281Z ==========

[2026-06-11T11:01:04] [INFO] ✅ Environment validation successful
[2026-06-11T11:01:04] [INFO] 
========== TEST RUN STARTED: 2026-06-11T05:31:04.645292Z ==========

[2026-06-11T11:01:04] [INFO] ✅ Environment validation successful
[2026-06-11T11:01:04] [INFO] ✅ Environment validation successful
[2026-06-11T11:01:07] [INFO] Step: Navigating to login page
[2026-06-11T11:01:07] [INFO] [LoginPage] Navigation attempt 1/3 | {"url": "https://www.saucedemo.com/"}
[2026-06-11T11:01:07] [INFO] Step: Executing Bank Transaction API Request | {"title": "AML Alert", "userId": 1}
[2026-06-11T11:01:07] [INFO] API POST Request initiated | {"url": "https://jsonplaceholder.typicode.com/posts", "body": {"title": "AML Alert", "body": "AML Compliance Alert Triggered", "userId": 1}}
[2026-06-11T11:01:07] [INFO] Step: Navigating to login page
[2026-06-11T11:01:07] [INFO] [LoginPage] Navigation attempt 1/3 | {"url": "https://www.saucedemo.com/"}
[2026-06-11T11:01:07] [INFO] Step: Navigating to login page
[2026-06-11T11:01:07] [INFO] [LoginPage] Navigation attempt 1/3 | {"url": "https://www.saucedemo.com/"}
[2026-06-11T11:01:07] [INFO] Step: Navigating to login page
[2026-06-11T11:01:07] [INFO] [LoginPage] Navigation attempt 1/3 | {"url": "https://www.saucedemo.com/"}
[2026-06-11T11:01:07] [INFO] Step: Navigating to login page
[2026-06-11T11:01:07] [INFO] [LoginPage] Navigation attempt 1/3 | {"url": "https://www.saucedemo.com/"}
[2026-06-11T11:01:08] [INFO] [LoginPage] Navigation successful | {"attempt": 1}
[2026-06-11T11:01:08] [INFO] Step: Inserting user credentials | {"username": "problem_user"}
[2026-06-11T11:01:08] [INFO] [LoginPage] Navigation successful | {"attempt": 1}
[2026-06-11T11:01:08] [INFO] Step: Inserting user credentials | {"username": ""}
[2026-06-11T11:01:08] [INFO] [LoginPage] Navigation successful | {"attempt": 1}
[2026-06-11T11:01:08] [INFO] Step: Inserting user credentials | {"username": "prasad"}
[2026-06-11T11:01:08] [INFO] [LoginPage] Navigation successful | {"attempt": 1}
[2026-06-11T11:01:08] [INFO] Step: Inserting user credentials | {"username": "problem_user"}
[2026-06-11T11:01:08] [INFO] [LoginPage] Navigation successful | {"attempt": 1}
[2026-06-11T11:01:08] [INFO] Step: Inserting user credentials | {"username": "locked_out_user"}
[2026-06-11T11:01:08] [INFO] Step: Submitting login form
[2026-06-11T11:01:08] [INFO] Step: Submitting login form
[2026-06-11T11:01:08] [INFO] Step: Submitting login form
[2026-06-11T11:01:09] [INFO] Step: Validating login error message
[2026-06-11T11:01:09] [INFO] Step: Validating login error message
[2026-06-11T11:01:09] [INFO] Validating login error message | {"actual": "Epic sadface: Username and password do not match any user in this service", "expected": "Epic sadface: Username and password do not match any user in this service"}
[2026-06-11T11:01:09] [INFO] ✅ Validation Passed: Login error message matches expected value
[2026-06-11T11:01:09] [INFO] Validating login error message | {"actual": "Epic sadface: Username is required", "expected": "Epic sadface: Username is required"}
[2026-06-11T11:01:09] [INFO] ✅ Validation Passed: Login error message matches expected value
[2026-06-11T11:01:09] [INFO] Step: Validating login error message
[2026-06-11T11:01:09] [INFO] Step: Submitting login form
[2026-06-11T11:01:10] [INFO] API POST Response received | {"duration": "2718.92ms", "status": 201}
[2026-06-11T11:01:10] [INFO] Step: Validating API HTTP Status | {"actual": 201, "expected": 201}
[2026-06-11T11:01:10] [INFO] Validating HTTP status code | {"actual": 201, "expected": 201}
[2026-06-11T11:01:10] [INFO] ✅ Validation Passed: API Status matches
[2026-06-11T11:01:10] [INFO] Step: Validating transaction ID | {"id": 101}
[2026-06-11T11:01:10] [INFO] Validating transaction ID format | {"id": 101}
[2026-06-11T11:01:10] [INFO] ✅ Validation Passed: Transaction ID is valid and numeric
[2026-06-11T11:01:10] [INFO] Validating login error message | {"actual": "Epic sadface: Username and password do not match any user in this service", "expected": "Epic sadface: Username and password do not match any user in this service"}
[2026-06-11T11:01:10] [INFO] Step: Validating login error message
[2026-06-11T11:01:10] [INFO] ✅ Validation Passed: Login error message matches expected value
[2026-06-11T11:01:10] [INFO] Validating login error message | {"actual": "Epic sadface: Password is required", "expected": "Epic sadface: Password is required"}
[2026-06-11T11:01:10] [INFO] ✅ Validation Passed: Login error message matches expected value
[2026-06-11T11:01:10] [INFO] Step: Submitting login form
[2026-06-11T11:01:10] [INFO] Step: Validating login error message
[2026-06-11T11:01:10] [INFO] Validating login error message | {"actual": "Epic sadface: Sorry, this user has been locked out.", "expected": "Epic sadface: Sorry, this user has been locked out."}
[2026-06-11T11:01:10] [INFO] ✅ Validation Passed: Login error message matches expected value
[2026-06-11T11:04:24] [INFO] 
========== TEST RUN STARTED: 2026-06-11T05:34:24.456452Z ==========

[2026-06-11T11:04:24] [INFO] ✅ Environment validation successful
[2026-06-11T11:04:25] [INFO] Step: Executing Bank Transaction API Request | {"title": "AML Alert", "userId": 1}
[2026-06-11T11:04:25] [INFO] API POST Request initiated | {"url": "https://jsonplaceholder.typicode.com/posts", "body": {"title": "AML Alert", "body": "AML Compliance Alert Triggered", "userId": 1}}
[2026-06-11T11:04:29] [INFO] API POST Response received | {"duration": "3035.21ms", "status": 201}
[2026-06-11T11:04:29] [INFO] Step: Validating API HTTP Status | {"actual": 201, "expected": 201}
[2026-06-11T11:04:29] [INFO] Validating HTTP status code | {"actual": 201, "expected": 201}
[2026-06-11T11:04:29] [INFO] ✅ Validation Passed: API Status matches
[2026-06-11T11:04:29] [INFO] Step: Validating transaction ID | {"id": 101}
[2026-06-11T11:04:29] [INFO] Validating transaction ID format | {"id": 101}
[2026-06-11T11:04:29] [INFO] ✅ Validation Passed: Transaction ID is valid and numeric
[2026-06-11T11:04:29] [INFO] Step: Navigating to login page
[2026-06-11T11:04:29] [INFO] [LoginPage] Navigation attempt 1/3 | {"url": "https://www.saucedemo.com/"}
[2026-06-11T11:04:30] [INFO] [LoginPage] Navigation successful | {"attempt": 1}
[2026-06-11T11:04:30] [INFO] Step: Inserting user credentials | {"username": "prasad"}
[2026-06-11T11:04:30] [INFO] Step: Submitting login form
[2026-06-11T11:04:30] [INFO] Step: Validating login error message
[2026-06-11T11:04:30] [INFO] Validating login error message | {"actual": "Epic sadface: Username and password do not match any user in this service", "expected": "Epic sadface: Username and password do not match any user in this service"}
[2026-06-11T11:04:30] [INFO] ✅ Validation Passed: Login error message matches expected value
[2026-06-11T11:04:30] [INFO] Step: Navigating to login page
[2026-06-11T11:04:30] [INFO] [LoginPage] Navigation attempt 1/3 | {"url": "https://www.saucedemo.com/"}
[2026-06-11T11:04:31] [INFO] [LoginPage] Navigation successful | {"attempt": 1}
[2026-06-11T11:04:31] [INFO] Step: Inserting user credentials | {"username": "problem_user"}
[2026-06-11T11:04:31] [INFO] Step: Submitting login form
[2026-06-11T11:04:31] [INFO] Step: Validating login error message
[2026-06-11T11:04:31] [INFO] Validating login error message | {"actual": "Epic sadface: Username and password do not match any user in this service", "expected": "Epic sadface: Username and password do not match any user in this service"}
[2026-06-11T11:04:31] [INFO] ✅ Validation Passed: Login error message matches expected value
[2026-06-11T11:04:32] [INFO] Step: Navigating to login page
[2026-06-11T11:04:32] [INFO] [LoginPage] Navigation attempt 1/3 | {"url": "https://www.saucedemo.com/"}
[2026-06-11T11:04:32] [INFO] [LoginPage] Navigation successful | {"attempt": 1}
[2026-06-11T11:04:32] [INFO] Step: Inserting user credentials | {"username": "problem_user"}
[2026-06-11T11:04:32] [INFO] Step: Submitting login form
[2026-06-11T11:04:32] [INFO] Step: Validating login error message
[2026-06-11T11:04:32] [INFO] Validating login error message | {"actual": "Epic sadface: Password is required", "expected": "Epic sadface: Password is required"}
[2026-06-11T11:04:32] [INFO] ✅ Validation Passed: Login error message matches expected value
[2026-06-11T11:04:33] [INFO] Step: Navigating to login page
[2026-06-11T11:04:33] [INFO] [LoginPage] Navigation attempt 1/3 | {"url": "https://www.saucedemo.com/"}
[2026-06-11T11:04:33] [INFO] [LoginPage] Navigation successful | {"attempt": 1}
[2026-06-11T11:04:33] [INFO] Step: Inserting user credentials | {"username": ""}
[2026-06-11T11:04:33] [INFO] Step: Submitting login form
[2026-06-11T11:04:33] [INFO] Step: Validating login error message
[2026-06-11T11:04:34] [INFO] Validating login error message | {"actual": "Epic sadface: Username is required", "expected": "Epic sadface: Username is required"}
[2026-06-11T11:04:34] [INFO] ✅ Validation Passed: Login error message matches expected value
[2026-06-11T11:04:34] [INFO] Step: Navigating to login page
[2026-06-11T11:04:34] [INFO] [LoginPage] Navigation attempt 1/3 | {"url": "https://www.saucedemo.com/"}
[2026-06-11T11:04:34] [INFO] [LoginPage] Navigation successful | {"attempt": 1}
[2026-06-11T11:04:34] [INFO] Step: Inserting user credentials | {"username": "locked_out_user"}
[2026-06-11T11:04:35] [INFO] Step: Submitting login form
[2026-06-11T11:04:35] [INFO] Step: Validating login error message
[2026-06-11T11:04:35] [INFO] Validating login error message | {"actual": "Epic sadface: Sorry, this user has been locked out.", "expected": "Epic sadface: Sorry, this user has been locked out."}
[2026-06-11T11:04:35] [INFO] ✅ Validation Passed: Login error message matches expected value
[2026-06-11T11:04:35] [INFO] 
========== TEST RUN COMPLETED ==========

[2026-06-11T11:14:59] [INFO] 
========== TEST RUN STARTED: 2026-06-11T05:44:59.528312Z ==========

[2026-06-11T11:14:59] [INFO] ✅ Environment validation successful
[2026-06-11T11:18:53] [INFO] 
========== TEST RUN STARTED: 2026-06-11T05:48:53.736819Z ==========

[2026-06-11T11:18:53] [INFO] ✅ Environment validation successful
[2026-06-11T11:18:55] [INFO] Step: Executing Bank Transaction API Request | {"title": "AML Alert", "userId": 1}
[2026-06-11T11:18:55] [INFO] API POST Request initiated | {"url": "https://jsonplaceholder.typicode.com/posts", "body": {"title": "AML Alert", "body": "AML Compliance Alert Triggered", "userId": 1}}
[2026-06-11T11:19:17] [INFO] API POST Response received | {"duration": "22354.38ms", "status": 201}
[2026-06-11T11:19:17] [INFO] Step: Validating API HTTP Status | {"actual": 201, "expected": 201}
[2026-06-11T11:19:17] [INFO] Validating HTTP status code | {"actual": 201, "expected": 201}
[2026-06-11T11:19:17] [INFO] ✅ Validation Passed: API Status matches
[2026-06-11T11:19:17] [INFO] Step: Validating transaction ID | {"id": 101}
[2026-06-11T11:19:17] [INFO] Validating transaction ID format | {"id": 101}
[2026-06-11T11:19:17] [INFO] ✅ Validation Passed: Transaction ID is valid and numeric
[2026-06-11T11:19:19] [INFO] Step: Navigating to login page
[2026-06-11T11:19:19] [INFO] [LoginPage] Navigation attempt 1/3 | {"url": "https://www.saucedemo.com/"}
[2026-06-11T11:19:22] [INFO] [LoginPage] Navigation successful | {"attempt": 1}
[2026-06-11T11:19:22] [INFO] Step: Inserting user credentials | {"username": "prasad"}
[2026-06-11T11:19:22] [INFO] Step: Submitting login form
[2026-06-11T11:19:23] [INFO] Step: Validating login error message
[2026-06-11T11:19:23] [INFO] Validating login error message | {"actual": "Epic sadface: Username and password do not match any user in this service", "expected": "Epic sadface: Username and password do not match any user in this service"}
[2026-06-11T11:19:23] [INFO] ✅ Validation Passed: Login error message matches expected value
[2026-06-11T11:19:23] [INFO] Step: Navigating to login page
[2026-06-11T11:19:23] [INFO] [LoginPage] Navigation attempt 1/3 | {"url": "https://www.saucedemo.com/"}
[2026-06-11T11:19:23] [INFO] [LoginPage] Navigation successful | {"attempt": 1}
[2026-06-11T11:19:23] [INFO] Step: Inserting user credentials | {"username": "problem_user"}
[2026-06-11T11:19:23] [INFO] Step: Submitting login form
[2026-06-11T11:19:24] [INFO] Step: Validating login error message
[2026-06-11T11:19:24] [INFO] Validating login error message | {"actual": "Epic sadface: Username and password do not match any user in this service", "expected": "Epic sadface: Username and password do not match any user in this service"}
[2026-06-11T11:19:24] [INFO] ✅ Validation Passed: Login error message matches expected value
[2026-06-11T11:19:24] [INFO] Step: Navigating to login page
[2026-06-11T11:19:24] [INFO] [LoginPage] Navigation attempt 1/3 | {"url": "https://www.saucedemo.com/"}
[2026-06-11T11:19:24] [INFO] [LoginPage] Navigation successful | {"attempt": 1}
[2026-06-11T11:19:24] [INFO] Step: Inserting user credentials | {"username": "problem_user"}
[2026-06-11T11:19:24] [INFO] Step: Submitting login form
[2026-06-11T11:19:24] [INFO] Step: Validating login error message
[2026-06-11T11:19:25] [INFO] Validating login error message | {"actual": "Epic sadface: Password is required", "expected": "Epic sadface: Password is required"}
[2026-06-11T11:19:25] [INFO] ✅ Validation Passed: Login error message matches expected value
[2026-06-11T11:19:25] [INFO] Step: Navigating to login page
[2026-06-11T11:19:25] [INFO] [LoginPage] Navigation attempt 1/3 | {"url": "https://www.saucedemo.com/"}
[2026-06-11T11:19:25] [INFO] [LoginPage] Navigation successful | {"attempt": 1}
[2026-06-11T11:19:25] [INFO] Step: Inserting user credentials | {"username": ""}
[2026-06-11T11:19:25] [INFO] Step: Submitting login form
[2026-06-11T11:19:25] [INFO] Step: Validating login error message
[2026-06-11T11:19:26] [INFO] Validating login error message | {"actual": "Epic sadface: Username is required", "expected": "Epic sadface: Username is required"}
[2026-06-11T11:19:26] [INFO] ✅ Validation Passed: Login error message matches expected value
[2026-06-11T11:19:26] [INFO] Step: Navigating to login page
[2026-06-11T11:19:26] [INFO] [LoginPage] Navigation attempt 1/3 | {"url": "https://www.saucedemo.com/"}
[2026-06-11T11:19:26] [INFO] [LoginPage] Navigation successful | {"attempt": 1}
[2026-06-11T11:19:26] [INFO] Step: Inserting user credentials | {"username": "locked_out_user"}
[2026-06-11T11:19:26] [INFO] Step: Submitting login form
[2026-06-11T11:19:27] [INFO] Step: Validating login error message
[2026-06-11T11:19:27] [INFO] Validating login error message | {"actual": "Epic sadface: Sorry, this user has been locked out.", "expected": "Epic sadface: Sorry, this user has been locked out."}
[2026-06-11T11:19:27] [INFO] ✅ Validation Passed: Login error message matches expected value
[2026-06-11T11:19:27] [INFO] 
========== TEST RUN COMPLETED ==========

[2026-06-11T11:21:01] [INFO] 
========== TEST RUN STARTED: 2026-06-11T05:51:01.712561Z ==========

[2026-06-11T11:21:01] [INFO] ✅ Environment validation successful
[2026-06-11T11:21:02] [INFO] Step: Executing Bank Transaction API Request | {"title": "AML Alert", "userId": 1}
[2026-06-11T11:21:02] [INFO] API POST Request initiated | {"url": "https://jsonplaceholder.typicode.com/posts", "body": {"title": "AML Alert", "body": "AML Compliance Alert Triggered", "userId": 1}}
[2026-06-11T11:21:25] [INFO] API POST Response received | {"duration": "22427.63ms", "status": 201}
[2026-06-11T11:21:25] [INFO] Step: Validating API HTTP Status | {"actual": 201, "expected": 201}
[2026-06-11T11:21:25] [INFO] Validating HTTP status code | {"actual": 201, "expected": 201}
[2026-06-11T11:21:25] [INFO] ✅ Validation Passed: API Status matches
[2026-06-11T11:21:25] [INFO] Step: Validating transaction ID | {"id": 101}
[2026-06-11T11:21:25] [INFO] Validating transaction ID format | {"id": 101}
[2026-06-11T11:21:25] [INFO] ✅ Validation Passed: Transaction ID is valid and numeric
[2026-06-11T11:21:28] [INFO] Step: Navigating to login page
[2026-06-11T11:21:28] [INFO] [LoginPage] Navigation attempt 1/3 | {"url": "https://www.saucedemo.com/"}
[2026-06-11T11:21:28] [INFO] [LoginPage] Navigation successful | {"attempt": 1}
[2026-06-11T11:21:28] [INFO] Step: Inserting user credentials | {"username": "prasad"}
[2026-06-11T11:21:29] [INFO] Step: Submitting login form
[2026-06-11T11:21:29] [INFO] Step: Validating login error message
[2026-06-11T11:21:29] [INFO] Validating login error message | {"actual": "Epic sadface: Username and password do not match any user in this service", "expected": "Epic sadface: Username and password do not match any user in this service"}
[2026-06-11T11:21:29] [INFO] ✅ Validation Passed: Login error message matches expected value
[2026-06-11T11:21:29] [INFO] Step: Navigating to login page
[2026-06-11T11:21:29] [INFO] [LoginPage] Navigation attempt 1/3 | {"url": "https://www.saucedemo.com/"}
[2026-06-11T11:21:30] [INFO] [LoginPage] Navigation successful | {"attempt": 1}
[2026-06-11T11:21:30] [INFO] Step: Inserting user credentials | {"username": "problem_user"}
[2026-06-11T11:21:30] [INFO] Step: Submitting login form
[2026-06-11T11:21:30] [INFO] Step: Validating login error message
[2026-06-11T11:21:30] [INFO] Validating login error message | {"actual": "Epic sadface: Username and password do not match any user in this service", "expected": "Epic sadface: Username and password do not match any user in this service"}
[2026-06-11T11:21:30] [INFO] ✅ Validation Passed: Login error message matches expected value
[2026-06-11T11:21:30] [INFO] Step: Navigating to login page
[2026-06-11T11:21:30] [INFO] [LoginPage] Navigation attempt 1/3 | {"url": "https://www.saucedemo.com/"}
[2026-06-11T11:21:31] [INFO] [LoginPage] Navigation successful | {"attempt": 1}
[2026-06-11T11:21:31] [INFO] Step: Inserting user credentials | {"username": "problem_user"}
[2026-06-11T11:21:31] [INFO] Step: Submitting login form
[2026-06-11T11:21:31] [INFO] Step: Validating login error message
[2026-06-11T11:21:31] [INFO] Validating login error message | {"actual": "Epic sadface: Password is required", "expected": "Epic sadface: Password is required"}
[2026-06-11T11:21:31] [INFO] ✅ Validation Passed: Login error message matches expected value
[2026-06-11T11:21:31] [INFO] Step: Navigating to login page
[2026-06-11T11:21:31] [INFO] [LoginPage] Navigation attempt 1/3 | {"url": "https://www.saucedemo.com/"}
[2026-06-11T11:21:32] [INFO] [LoginPage] Navigation successful | {"attempt": 1}
[2026-06-11T11:21:32] [INFO] Step: Inserting user credentials | {"username": ""}
[2026-06-11T11:21:32] [INFO] Step: Submitting login form
[2026-06-11T11:21:32] [INFO] Step: Validating login error message
[2026-06-11T11:21:32] [INFO] Validating login error message | {"actual": "Epic sadface: Username is required", "expected": "Epic sadface: Username is required"}
[2026-06-11T11:21:32] [INFO] ✅ Validation Passed: Login error message matches expected value
[2026-06-11T11:21:33] [INFO] Step: Navigating to login page
[2026-06-11T11:21:33] [INFO] [LoginPage] Navigation attempt 1/3 | {"url": "https://www.saucedemo.com/"}
[2026-06-11T11:21:33] [INFO] [LoginPage] Navigation successful | {"attempt": 1}
[2026-06-11T11:21:33] [INFO] Step: Inserting user credentials | {"username": "locked_out_user"}
[2026-06-11T11:21:33] [INFO] Step: Submitting login form
[2026-06-11T11:21:33] [INFO] Step: Validating login error message
[2026-06-11T11:21:33] [INFO] Validating login error message | {"actual": "Epic sadface: Sorry, this user has been locked out.", "expected": "Epic sadface: Sorry, this user has been locked out."}
[2026-06-11T11:21:33] [INFO] ✅ Validation Passed: Login error message matches expected value
[2026-06-11T11:21:34] [INFO] 
========== TEST RUN COMPLETED ==========

[2026-06-11T11:39:02] [INFO] 
========== TEST RUN STARTED: 2026-06-11T06:09:02.735155Z ==========

[2026-06-11T11:39:02] [INFO] ✅ Environment validation successful
[2026-06-11T11:39:04] [INFO] Step: Executing Bank Transaction API Request | {"title": "AML Alert", "userId": 1}
[2026-06-11T11:39:04] [INFO] API POST Request initiated | {"url": "https://jsonplaceholder.typicode.com/posts", "body": {"title": "AML Alert", "body": "AML Compliance Alert Triggered", "userId": 1}}
[2026-06-11T11:39:26] [INFO] API POST Response received | {"duration": "22220.51ms", "status": 201}
[2026-06-11T11:39:26] [INFO] Step: Validating API HTTP Status | {"actual": 201, "expected": 201}
[2026-06-11T11:39:26] [INFO] Validating HTTP status code | {"actual": 201, "expected": 201}
[2026-06-11T11:39:26] [INFO] ✅ Validation Passed: API Status matches
[2026-06-11T11:39:26] [INFO] Step: Validating transaction ID | {"id": 101}
[2026-06-11T11:39:26] [INFO] Validating transaction ID format | {"id": 101}
[2026-06-11T11:39:26] [INFO] ✅ Validation Passed: Transaction ID is valid and numeric
[2026-06-11T11:39:30] [INFO] Step: Navigating to login page
[2026-06-11T11:39:30] [INFO] [LoginPage] Navigation attempt 1/3 | {"url": "https://www.saucedemo.com/"}
[2026-06-11T11:39:33] [INFO] [LoginPage] Navigation successful | {"attempt": 1}
[2026-06-11T11:39:33] [INFO] Step: Inserting user credentials | {"username": "prasad"}
[2026-06-11T11:39:33] [INFO] Step: Submitting login form
[2026-06-11T11:39:34] [INFO] Step: Validating login error message
[2026-06-11T11:39:34] [INFO] Validating login error message | {"actual": "Epic sadface: Username and password do not match any user in this service", "expected": "Epic sadface: Username and password do not match any user in this service"}
[2026-06-11T11:39:34] [INFO] ✅ Validation Passed: Login error message matches expected value
[2026-06-11T11:39:34] [INFO] Step: Navigating to login page
[2026-06-11T11:39:34] [INFO] [LoginPage] Navigation attempt 1/3 | {"url": "https://www.saucedemo.com/"}
[2026-06-11T11:39:35] [INFO] [LoginPage] Navigation successful | {"attempt": 1}
[2026-06-11T11:39:35] [INFO] Step: Inserting user credentials | {"username": "problem_user"}
[2026-06-11T11:39:35] [INFO] Step: Submitting login form
[2026-06-11T11:39:35] [INFO] Step: Validating login error message
[2026-06-11T11:39:35] [INFO] Validating login error message | {"actual": "Epic sadface: Username and password do not match any user in this service", "expected": "Epic sadface: Username and password do not match any user in this service"}
[2026-06-11T11:39:35] [INFO] ✅ Validation Passed: Login error message matches expected value
[2026-06-11T11:39:35] [INFO] Step: Navigating to login page
[2026-06-11T11:39:35] [INFO] [LoginPage] Navigation attempt 1/3 | {"url": "https://www.saucedemo.com/"}
[2026-06-11T11:39:36] [INFO] [LoginPage] Navigation successful | {"attempt": 1}
[2026-06-11T11:39:36] [INFO] Step: Inserting user credentials | {"username": "problem_user"}
[2026-06-11T11:39:36] [INFO] Step: Submitting login form
[2026-06-11T11:39:36] [INFO] Step: Validating login error message
[2026-06-11T11:39:36] [INFO] Validating login error message | {"actual": "Epic sadface: Password is required", "expected": "Epic sadface: Password is required"}
[2026-06-11T11:39:36] [INFO] ✅ Validation Passed: Login error message matches expected value
[2026-06-11T11:39:37] [INFO] Step: Navigating to login page
[2026-06-11T11:39:37] [INFO] [LoginPage] Navigation attempt 1/3 | {"url": "https://www.saucedemo.com/"}
[2026-06-11T11:39:37] [INFO] [LoginPage] Navigation successful | {"attempt": 1}
[2026-06-11T11:39:37] [INFO] Step: Inserting user credentials | {"username": ""}
[2026-06-11T11:39:37] [INFO] Step: Submitting login form
[2026-06-11T11:39:37] [INFO] Step: Validating login error message
[2026-06-11T11:39:37] [INFO] Validating login error message | {"actual": "Epic sadface: Username is required", "expected": "Epic sadface: Username is required"}
[2026-06-11T11:39:37] [INFO] ✅ Validation Passed: Login error message matches expected value
[2026-06-11T11:39:38] [INFO] Step: Navigating to login page
[2026-06-11T11:39:38] [INFO] [LoginPage] Navigation attempt 1/3 | {"url": "https://www.saucedemo.com/"}
[2026-06-11T11:39:38] [INFO] [LoginPage] Navigation successful | {"attempt": 1}
[2026-06-11T11:39:38] [INFO] Step: Inserting user credentials | {"username": "locked_out_user"}
[2026-06-11T11:39:38] [INFO] Step: Submitting login form
[2026-06-11T11:39:39] [INFO] Step: Validating login error message
[2026-06-11T11:39:39] [INFO] Validating login error message | {"actual": "Epic sadface: Sorry, this user has been locked out.", "expected": "Epic sadface: Sorry, this user has been locked out."}
[2026-06-11T11:39:39] [INFO] ✅ Validation Passed: Login error message matches expected value
[2026-06-11T11:39:39] [INFO] 
========== TEST RUN COMPLETED ==========

[2026-06-11T11:46:52] [INFO] 
========== TEST RUN STARTED: 2026-06-11T06:16:52.503549Z ==========

[2026-06-11T11:46:52] [INFO] ✅ Environment validation successful
[2026-06-11T11:46:54] [INFO] 
========== TEST RUN STARTED: 2026-06-11T06:16:54.198268Z ==========

[2026-06-11T11:46:54] [INFO] 
========== TEST RUN STARTED: 2026-06-11T06:16:54.376983Z ==========

[2026-06-11T11:46:54] [INFO] ✅ Environment validation successful
[2026-06-11T11:46:54] [INFO] ✅ Environment validation successful
[2026-06-11T11:46:56] [INFO] Step: Executing Bank Transaction API Request | {"title": "AML Alert", "userId": 1}
[2026-06-11T11:46:56] [INFO] API POST Request initiated | {"url": "https://jsonplaceholder.typicode.com/posts", "body": {"title": "AML Alert", "body": "AML Compliance Alert Triggered", "userId": 1}}
[2026-06-11T11:46:56] [INFO] Step: Navigating to login page
[2026-06-11T11:46:56] [INFO] [LoginPage] Navigation attempt 1/3 | {"url": "https://www.saucedemo.com/"}
[2026-06-11T11:46:57] [INFO] [LoginPage] Navigation successful | {"attempt": 1}
[2026-06-11T11:46:57] [INFO] Step: Inserting user credentials | {"username": "problem_user"}
[2026-06-11T11:46:57] [INFO] Step: Submitting login form
[2026-06-11T11:46:57] [INFO] Step: Validating login error message
[2026-06-11T11:46:57] [INFO] Validating login error message | {"actual": "Epic sadface: Username and password do not match any user in this service", "expected": "Epic sadface: Username and password do not match any user in this service"}
[2026-06-11T11:46:57] [INFO] ✅ Validation Passed: Login error message matches expected value
[2026-06-11T11:46:58] [INFO] Step: Navigating to login page
[2026-06-11T11:46:58] [INFO] [LoginPage] Navigation attempt 1/3 | {"url": "https://www.saucedemo.com/"}
[2026-06-11T11:46:59] [INFO] [LoginPage] Navigation successful | {"attempt": 1}
[2026-06-11T11:46:59] [INFO] Step: Inserting user credentials | {"username": "problem_user"}
[2026-06-11T11:46:59] [INFO] API POST Response received | {"duration": "2473.12ms", "status": 201}
[2026-06-11T11:46:59] [INFO] Step: Validating API HTTP Status | {"actual": 201, "expected": 201}
[2026-06-11T11:46:59] [INFO] Validating HTTP status code | {"actual": 201, "expected": 201}
[2026-06-11T11:46:59] [INFO] ✅ Validation Passed: API Status matches
[2026-06-11T11:46:59] [INFO] Step: Validating transaction ID | {"id": 101}
[2026-06-11T11:46:59] [INFO] Validating transaction ID format | {"id": 101}
[2026-06-11T11:46:59] [INFO] ✅ Validation Passed: Transaction ID is valid and numeric
[2026-06-11T11:46:59] [INFO] Step: Submitting login form
[2026-06-11T11:46:59] [INFO] Step: Validating login error message
[2026-06-11T11:46:59] [INFO] Validating login error message | {"actual": "Epic sadface: Password is required", "expected": "Epic sadface: Password is required"}
[2026-06-11T11:46:59] [INFO] ✅ Validation Passed: Login error message matches expected value
[2026-06-11T11:47:00] [INFO] Step: Navigating to login page
[2026-06-11T11:47:00] [INFO] [LoginPage] Navigation attempt 1/3 | {"url": "https://www.saucedemo.com/"}
[2026-06-11T11:47:00] [INFO] Step: Navigating to login page
[2026-06-11T11:47:00] [INFO] [LoginPage] Navigation attempt 1/3 | {"url": "https://www.saucedemo.com/"}
[2026-06-11T11:47:00] [INFO] [LoginPage] Navigation successful | {"attempt": 1}
[2026-06-11T11:47:00] [INFO] Step: Inserting user credentials | {"username": "prasad"}
[2026-06-11T11:47:01] [INFO] [LoginPage] Navigation successful | {"attempt": 1}
[2026-06-11T11:47:01] [INFO] Step: Inserting user credentials | {"username": ""}
[2026-06-11T11:47:01] [INFO] Step: Submitting login form
[2026-06-11T11:47:01] [INFO] Step: Submitting login form
[2026-06-11T11:47:01] [INFO] Step: Validating login error message
[2026-06-11T11:47:01] [INFO] Step: Validating login error message
[2026-06-11T11:47:01] [INFO] Validating login error message | {"actual": "Epic sadface: Username and password do not match any user in this service", "expected": "Epic sadface: Username and password do not match any user in this service"}
[2026-06-11T11:47:01] [INFO] ✅ Validation Passed: Login error message matches expected value
[2026-06-11T11:47:01] [INFO] Validating login error message | {"actual": "Epic sadface: Username is required", "expected": "Epic sadface: Username is required"}
[2026-06-11T11:47:01] [INFO] ✅ Validation Passed: Login error message matches expected value
[2026-06-11T11:47:02] [INFO] Step: Navigating to login page
[2026-06-11T11:47:02] [INFO] [LoginPage] Navigation attempt 1/3 | {"url": "https://www.saucedemo.com/"}
[2026-06-11T11:47:02] [INFO] [LoginPage] Navigation successful | {"attempt": 1}
[2026-06-11T11:47:02] [INFO] Step: Inserting user credentials | {"username": "locked_out_user"}
[2026-06-11T11:47:03] [INFO] Step: Submitting login form
[2026-06-11T11:47:03] [INFO] Step: Validating login error message
[2026-06-11T11:47:03] [INFO] Validating login error message | {"actual": "Epic sadface: Sorry, this user has been locked out.", "expected": "Epic sadface: Sorry, this user has been locked out."}
[2026-06-11T11:47:03] [INFO] ✅ Validation Passed: Login error message matches expected value
[2026-06-11T11:52:23] [INFO] 
========== TEST RUN STARTED: 2026-06-11T06:22:23.641390Z ==========

[2026-06-11T11:52:23] [INFO] ✅ Environment validation successful
[2026-06-11T11:52:24] [INFO] Step: Executing Bank Transaction API Request | {"title": "AML Alert", "userId": 1}
[2026-06-11T11:52:24] [INFO] API POST Request initiated | {"url": "https://jsonplaceholder.typicode.com/posts", "body": {"title": "AML Alert", "body": "AML Compliance Alert Triggered", "userId": 1}}
[2026-06-11T11:52:46] [INFO] API POST Response received | {"duration": "22132.13ms", "status": 201}
[2026-06-11T11:52:46] [INFO] Step: Validating API HTTP Status | {"actual": 201, "expected": 201}
[2026-06-11T11:52:46] [INFO] Validating HTTP status code | {"actual": 201, "expected": 201}
[2026-06-11T11:52:46] [INFO] ✅ Validation Passed: API Status matches
[2026-06-11T11:52:46] [INFO] Step: Validating transaction ID | {"id": 101}
[2026-06-11T11:52:46] [INFO] Validating transaction ID format | {"id": 101}
[2026-06-11T11:52:46] [INFO] ✅ Validation Passed: Transaction ID is valid and numeric
[2026-06-11T11:52:49] [INFO] Step: Navigating to login page
[2026-06-11T11:52:49] [INFO] [LoginPage] Navigation attempt 1/3 | {"url": "https://www.saucedemo.com/"}
[2026-06-11T11:52:53] [INFO] [LoginPage] Navigation successful | {"attempt": 1}
[2026-06-11T11:52:53] [INFO] Step: Inserting user credentials | {"username": "prasad"}
[2026-06-11T11:52:53] [INFO] Step: Submitting login form
[2026-06-11T11:52:54] [INFO] Step: Validating login error message
[2026-06-11T11:52:54] [INFO] Validating login error message | {"actual": "Epic sadface: Username and password do not match any user in this service", "expected": "Epic sadface: Username and password do not match any user in this service"}
[2026-06-11T11:52:54] [INFO] ✅ Validation Passed: Login error message matches expected value
[2026-06-11T11:52:54] [INFO] Step: Navigating to login page
[2026-06-11T11:52:54] [INFO] [LoginPage] Navigation attempt 1/3 | {"url": "https://www.saucedemo.com/"}
[2026-06-11T11:52:55] [INFO] [LoginPage] Navigation successful | {"attempt": 1}
[2026-06-11T11:52:55] [INFO] Step: Inserting user credentials | {"username": "problem_user"}
[2026-06-11T11:52:55] [INFO] Step: Submitting login form
[2026-06-11T11:52:55] [INFO] Step: Validating login error message
[2026-06-11T11:52:55] [INFO] Validating login error message | {"actual": "Epic sadface: Username and password do not match any user in this service", "expected": "Epic sadface: Username and password do not match any user in this service"}
[2026-06-11T11:52:55] [INFO] ✅ Validation Passed: Login error message matches expected value
[2026-06-11T11:52:55] [INFO] Step: Navigating to login page
[2026-06-11T11:52:55] [INFO] [LoginPage] Navigation attempt 1/3 | {"url": "https://www.saucedemo.com/"}
[2026-06-11T11:52:56] [INFO] [LoginPage] Navigation successful | {"attempt": 1}
[2026-06-11T11:52:56] [INFO] Step: Inserting user credentials | {"username": "problem_user"}
[2026-06-11T11:52:56] [INFO] Step: Submitting login form
[2026-06-11T11:52:56] [INFO] Step: Validating login error message
[2026-06-11T11:52:56] [INFO] Validating login error message | {"actual": "Epic sadface: Password is required", "expected": "Epic sadface: Password is required"}
[2026-06-11T11:52:56] [INFO] ✅ Validation Passed: Login error message matches expected value
[2026-06-11T11:52:56] [INFO] Step: Navigating to login page
[2026-06-11T11:52:56] [INFO] [LoginPage] Navigation attempt 1/3 | {"url": "https://www.saucedemo.com/"}
[2026-06-11T11:52:57] [INFO] [LoginPage] Navigation successful | {"attempt": 1}
[2026-06-11T11:52:57] [INFO] Step: Inserting user credentials | {"username": ""}
[2026-06-11T11:52:57] [INFO] Step: Submitting login form
[2026-06-11T11:52:57] [INFO] Step: Validating login error message
[2026-06-11T11:52:57] [INFO] Validating login error message | {"actual": "Epic sadface: Username is required", "expected": "Epic sadface: Username is required"}
[2026-06-11T11:52:57] [INFO] ✅ Validation Passed: Login error message matches expected value
[2026-06-11T11:52:58] [INFO] Step: Navigating to login page
[2026-06-11T11:52:58] [INFO] [LoginPage] Navigation attempt 1/3 | {"url": "https://www.saucedemo.com/"}
[2026-06-11T11:52:58] [INFO] [LoginPage] Navigation successful | {"attempt": 1}
[2026-06-11T11:52:58] [INFO] Step: Inserting user credentials | {"username": "locked_out_user"}
[2026-06-11T11:52:58] [INFO] Step: Submitting login form
[2026-06-11T11:52:58] [INFO] Step: Validating login error message
[2026-06-11T11:52:58] [INFO] Validating login error message | {"actual": "Epic sadface: Sorry, this user has been locked out.", "expected": "Epic sadface: Sorry, this user has been locked out."}
[2026-06-11T11:52:58] [INFO] ✅ Validation Passed: Login error message matches expected value
[2026-06-11T11:52:59] [INFO] 
========== TEST RUN COMPLETED ==========

[2026-06-11T11:56:06] [INFO] 
========== TEST RUN STARTED: 2026-06-11T06:26:06.947984Z ==========

[2026-06-11T11:56:07] [INFO] ✅ Environment validation successful
[2026-06-11T11:56:08] [INFO] Step: Executing Bank Transaction API Request | {"title": "AML Alert", "userId": 1}
[2026-06-11T11:56:08] [INFO] API POST Request initiated | {"url": "https://jsonplaceholder.typicode.com/posts", "body": {"title": "AML Alert", "body": "AML Compliance Alert Triggered", "userId": 1}}
[2026-06-11T11:56:09] [INFO] API POST Response received | {"duration": "1603.53ms", "status": 201}
[2026-06-11T11:56:09] [INFO] Step: Validating API HTTP Status | {"actual": 201, "expected": 201}
[2026-06-11T11:56:09] [INFO] Validating HTTP status code | {"actual": 201, "expected": 201}
[2026-06-11T11:56:09] [INFO] ✅ Validation Passed: API Status matches
[2026-06-11T11:56:09] [INFO] Step: Validating transaction ID | {"id": 101}
[2026-06-11T11:56:09] [INFO] Validating transaction ID format | {"id": 101}
[2026-06-11T11:56:09] [INFO] ✅ Validation Passed: Transaction ID is valid and numeric
[2026-06-11T11:56:10] [INFO] Step: Navigating to login page
[2026-06-11T11:56:10] [INFO] [LoginPage] Navigation attempt 1/3 | {"url": "https://www.saucedemo.com/"}
[2026-06-11T11:56:10] [INFO] [LoginPage] Navigation successful | {"attempt": 1}
[2026-06-11T11:56:10] [INFO] Step: Inserting user credentials | {"username": "prasad"}
[2026-06-11T11:56:10] [INFO] Step: Submitting login form
[2026-06-11T11:56:11] [INFO] Step: Validating login error message
[2026-06-11T11:56:11] [INFO] Validating login error message | {"actual": "Epic sadface: Username and password do not match any user in this service", "expected": "Epic sadface: Username and password do not match any user in this service"}
[2026-06-11T11:56:11] [INFO] ✅ Validation Passed: Login error message matches expected value
[2026-06-11T11:56:11] [INFO] Step: Navigating to login page
[2026-06-11T11:56:11] [INFO] [LoginPage] Navigation attempt 1/3 | {"url": "https://www.saucedemo.com/"}
[2026-06-11T11:56:11] [INFO] [LoginPage] Navigation successful | {"attempt": 1}
[2026-06-11T11:56:11] [INFO] Step: Inserting user credentials | {"username": "problem_user"}
[2026-06-11T11:56:12] [INFO] Step: Submitting login form
[2026-06-11T11:56:12] [INFO] Step: Validating login error message
[2026-06-11T11:56:12] [INFO] Validating login error message | {"actual": "Epic sadface: Username and password do not match any user in this service", "expected": "Epic sadface: Username and password do not match any user in this service"}
[2026-06-11T11:56:12] [INFO] ✅ Validation Passed: Login error message matches expected value
[2026-06-11T11:56:12] [INFO] Step: Navigating to login page
[2026-06-11T11:56:12] [INFO] [LoginPage] Navigation attempt 1/3 | {"url": "https://www.saucedemo.com/"}
[2026-06-11T11:56:12] [INFO] [LoginPage] Navigation successful | {"attempt": 1}
[2026-06-11T11:56:12] [INFO] Step: Inserting user credentials | {"username": "problem_user"}
[2026-06-11T11:56:13] [INFO] Step: Submitting login form
[2026-06-11T11:56:13] [INFO] Step: Validating login error message
[2026-06-11T11:56:13] [INFO] Validating login error message | {"actual": "Epic sadface: Password is required", "expected": "Epic sadface: Password is required"}
[2026-06-11T11:56:13] [INFO] ✅ Validation Passed: Login error message matches expected value
[2026-06-11T11:56:13] [INFO] Step: Navigating to login page
[2026-06-11T11:56:13] [INFO] [LoginPage] Navigation attempt 1/3 | {"url": "https://www.saucedemo.com/"}
[2026-06-11T11:56:14] [INFO] [LoginPage] Navigation successful | {"attempt": 1}
[2026-06-11T11:56:14] [INFO] Step: Inserting user credentials | {"username": ""}
[2026-06-11T11:56:14] [INFO] Step: Submitting login form
[2026-06-11T11:56:14] [INFO] Step: Validating login error message
[2026-06-11T11:56:14] [INFO] Validating login error message | {"actual": "Epic sadface: Username is required", "expected": "Epic sadface: Username is required"}
[2026-06-11T11:56:14] [INFO] ✅ Validation Passed: Login error message matches expected value
[2026-06-11T11:56:14] [INFO] Step: Navigating to login page
[2026-06-11T11:56:14] [INFO] [LoginPage] Navigation attempt 1/3 | {"url": "https://www.saucedemo.com/"}
[2026-06-11T11:56:15] [INFO] [LoginPage] Navigation successful | {"attempt": 1}
[2026-06-11T11:56:15] [INFO] Step: Inserting user credentials | {"username": "locked_out_user"}
[2026-06-11T11:56:15] [INFO] Step: Submitting login form
[2026-06-11T11:56:15] [INFO] Step: Validating login error message
[2026-06-11T11:56:15] [INFO] Validating login error message | {"actual": "Epic sadface: Sorry, this user has been locked out.", "expected": "Epic sadface: Sorry, this user has been locked out."}
[2026-06-11T11:56:15] [INFO] ✅ Validation Passed: Login error message matches expected value
[2026-06-11T11:56:15] [INFO] 
========== TEST RUN COMPLETED ==========

[2026-06-11T11:59:57] [INFO] 
========== TEST RUN STARTED: 2026-06-11T06:29:57.399186Z ==========

[2026-06-11T11:59:57] [INFO] ✅ Environment validation successful
[2026-06-11T11:59:59] [INFO] Step: Executing Bank Transaction API Request | {"title": "AML Alert", "userId": 1}
[2026-06-11T11:59:59] [INFO] API POST Request initiated | {"url": "https://jsonplaceholder.typicode.com/posts", "body": {"title": "AML Alert", "body": "AML Compliance Alert Triggered", "userId": 1}}
[2026-06-11T12:00:01] [INFO] API POST Response received | {"duration": "1934.61ms", "status": 201}
[2026-06-11T12:00:01] [INFO] Step: Validating API HTTP Status | {"actual": 201, "expected": 201}
[2026-06-11T12:00:01] [INFO] Validating HTTP status code | {"actual": 201, "expected": 201}
[2026-06-11T12:00:01] [INFO] ✅ Validation Passed: API Status matches
[2026-06-11T12:00:01] [INFO] Step: Validating transaction ID | {"id": 101}
[2026-06-11T12:00:01] [INFO] Validating transaction ID format | {"id": 101}
[2026-06-11T12:00:01] [INFO] ✅ Validation Passed: Transaction ID is valid and numeric
[2026-06-11T12:00:01] [INFO] Step: Navigating to login page
[2026-06-11T12:00:01] [INFO] [LoginPage] Navigation attempt 1/3 | {"url": "https://www.saucedemo.com/"}
[2026-06-11T12:00:02] [INFO] [LoginPage] Navigation successful | {"attempt": 1}
[2026-06-11T12:00:02] [INFO] Step: Inserting user credentials | {"username": "prasad"}
[2026-06-11T12:00:02] [INFO] Step: Submitting login form
[2026-06-11T12:00:02] [INFO] Step: Validating login error message
[2026-06-11T12:00:02] [INFO] Validating login error message | {"actual": "Epic sadface: Username and password do not match any user in this service", "expected": "Epic sadface: Username and password do not match any user in this service"}
[2026-06-11T12:00:02] [INFO] ✅ Validation Passed: Login error message matches expected value
[2026-06-11T12:00:03] [INFO] Step: Navigating to login page
[2026-06-11T12:00:03] [INFO] [LoginPage] Navigation attempt 1/3 | {"url": "https://www.saucedemo.com/"}
[2026-06-11T12:00:04] [INFO] [LoginPage] Navigation successful | {"attempt": 1}
[2026-06-11T12:00:04] [INFO] Step: Inserting user credentials | {"username": "problem_user"}
[2026-06-11T12:00:04] [INFO] Step: Submitting login form
[2026-06-11T12:00:04] [INFO] Step: Validating login error message
[2026-06-11T12:00:04] [INFO] Validating login error message | {"actual": "Epic sadface: Username and password do not match any user in this service", "expected": "Epic sadface: Username and password do not match any user in this service"}
[2026-06-11T12:00:04] [INFO] ✅ Validation Passed: Login error message matches expected value
[2026-06-11T12:00:05] [INFO] Step: Navigating to login page
[2026-06-11T12:00:05] [INFO] [LoginPage] Navigation attempt 1/3 | {"url": "https://www.saucedemo.com/"}
[2026-06-11T12:00:05] [INFO] [LoginPage] Navigation successful | {"attempt": 1}
[2026-06-11T12:00:05] [INFO] Step: Inserting user credentials | {"username": "problem_user"}
[2026-06-11T12:00:06] [INFO] Step: Submitting login form
[2026-06-11T12:00:06] [INFO] Step: Validating login error message
[2026-06-11T12:00:06] [INFO] Validating login error message | {"actual": "Epic sadface: Password is required", "expected": "Epic sadface: Password is required"}
[2026-06-11T12:00:06] [INFO] ✅ Validation Passed: Login error message matches expected value
[2026-06-11T12:00:07] [INFO] Step: Navigating to login page
[2026-06-11T12:00:07] [INFO] [LoginPage] Navigation attempt 1/3 | {"url": "https://www.saucedemo.com/"}
[2026-06-11T12:00:07] [INFO] [LoginPage] Navigation successful | {"attempt": 1}
[2026-06-11T12:00:07] [INFO] Step: Inserting user credentials | {"username": ""}
[2026-06-11T12:00:07] [INFO] Step: Submitting login form
[2026-06-11T12:00:08] [INFO] Step: Validating login error message
[2026-06-11T12:00:08] [INFO] Validating login error message | {"actual": "Epic sadface: Username is required", "expected": "Epic sadface: Username is required"}
[2026-06-11T12:00:08] [INFO] ✅ Validation Passed: Login error message matches expected value
[2026-06-11T12:00:08] [INFO] Step: Navigating to login page
[2026-06-11T12:00:08] [INFO] [LoginPage] Navigation attempt 1/3 | {"url": "https://www.saucedemo.com/"}
[2026-06-11T12:00:09] [INFO] [LoginPage] Navigation successful | {"attempt": 1}
[2026-06-11T12:00:09] [INFO] Step: Inserting user credentials | {"username": "locked_out_user"}
[2026-06-11T12:00:09] [INFO] Step: Submitting login form
[2026-06-11T12:00:09] [INFO] Step: Validating login error message
[2026-06-11T12:00:09] [INFO] Validating login error message | {"actual": "Epic sadface: Sorry, this user has been locked out.", "expected": "Epic sadface: Sorry, this user has been locked out."}
[2026-06-11T12:00:09] [INFO] ✅ Validation Passed: Login error message matches expected value
[2026-06-11T12:00:10] [INFO] 
========== TEST RUN COMPLETED ==========

[2026-06-11T12:07:02] [INFO] 
========== TEST RUN STARTED: 2026-06-11T06:37:02.058819Z ==========

[2026-06-11T12:07:02] [INFO] ✅ Environment validation successful
[2026-06-11T12:07:04] [INFO] Step: Executing Bank Transaction API Request | {"title": "AML Alert", "userId": 1}
[2026-06-11T12:07:04] [INFO] API POST Request initiated | {"url": "https://jsonplaceholder.typicode.com/posts", "body": {"title": "AML Alert", "body": "AML Compliance Alert Triggered", "userId": 1}}
[2026-06-11T12:07:05] [INFO] API POST Response received | {"duration": "1018.26ms", "status": 201}
[2026-06-11T12:07:05] [INFO] Step: Validating API HTTP Status | {"actual": 201, "expected": 201}
[2026-06-11T12:07:05] [INFO] Validating HTTP status code | {"actual": 201, "expected": 201}
[2026-06-11T12:07:05] [INFO] ✅ Validation Passed: API Status matches
[2026-06-11T12:07:05] [INFO] Step: Validating transaction ID | {"id": 101}
[2026-06-11T12:07:05] [INFO] Validating transaction ID format | {"id": 101}
[2026-06-11T12:07:05] [INFO] ✅ Validation Passed: Transaction ID is valid and numeric
[2026-06-11T12:07:05] [INFO] Step: Navigating to login page
[2026-06-11T12:07:05] [INFO] [LoginPage] Navigation attempt 1/3 | {"url": "https://www.saucedemo.com/"}
[2026-06-11T12:07:06] [INFO] [LoginPage] Navigation successful | {"attempt": 1}
[2026-06-11T12:07:06] [INFO] Step: Inserting user credentials | {"username": "prasad"}
[2026-06-11T12:07:06] [INFO] Step: Submitting login form
[2026-06-11T12:07:06] [INFO] Step: Validating login error message
[2026-06-11T12:07:06] [INFO] Validating login error message | {"actual": "Epic sadface: Username and password do not match any user in this service", "expected": "Epic sadface: Username and password do not match any user in this service"}
[2026-06-11T12:07:06] [INFO] ✅ Validation Passed: Login error message matches expected value
[2026-06-11T12:07:07] [INFO] Step: Navigating to login page
[2026-06-11T12:07:07] [INFO] [LoginPage] Navigation attempt 1/3 | {"url": "https://www.saucedemo.com/"}
[2026-06-11T12:07:07] [INFO] [LoginPage] Navigation successful | {"attempt": 1}
[2026-06-11T12:07:07] [INFO] Step: Inserting user credentials | {"username": "problem_user"}
[2026-06-11T12:07:07] [INFO] Step: Submitting login form
[2026-06-11T12:07:07] [INFO] Step: Validating login error message
[2026-06-11T12:07:08] [INFO] Validating login error message | {"actual": "Epic sadface: Username and password do not match any user in this service", "expected": "Epic sadface: Username and password do not match any user in this service"}
[2026-06-11T12:07:08] [INFO] ✅ Validation Passed: Login error message matches expected value
[2026-06-11T12:07:08] [INFO] Step: Navigating to login page
[2026-06-11T12:07:08] [INFO] [LoginPage] Navigation attempt 1/3 | {"url": "https://www.saucedemo.com/"}
[2026-06-11T12:07:09] [INFO] [LoginPage] Navigation successful | {"attempt": 1}
[2026-06-11T12:07:09] [INFO] Step: Inserting user credentials | {"username": "problem_user"}
[2026-06-11T12:07:09] [INFO] Step: Submitting login form
[2026-06-11T12:07:09] [INFO] Step: Validating login error message
[2026-06-11T12:07:09] [INFO] Validating login error message | {"actual": "Epic sadface: Password is required", "expected": "Epic sadface: Password is required"}
[2026-06-11T12:07:09] [INFO] ✅ Validation Passed: Login error message matches expected value
[2026-06-11T12:07:09] [INFO] Step: Navigating to login page
[2026-06-11T12:07:09] [INFO] [LoginPage] Navigation attempt 1/3 | {"url": "https://www.saucedemo.com/"}
[2026-06-11T12:07:10] [INFO] [LoginPage] Navigation successful | {"attempt": 1}
[2026-06-11T12:07:10] [INFO] Step: Inserting user credentials | {"username": ""}
[2026-06-11T12:07:10] [INFO] Step: Submitting login form
[2026-06-11T12:07:10] [INFO] Step: Validating login error message
[2026-06-11T12:07:10] [INFO] Validating login error message | {"actual": "Epic sadface: Username is required", "expected": "Epic sadface: Username is required"}
[2026-06-11T12:07:10] [INFO] ✅ Validation Passed: Login error message matches expected value
[2026-06-11T12:07:11] [INFO] Step: Navigating to login page
[2026-06-11T12:07:11] [INFO] [LoginPage] Navigation attempt 1/3 | {"url": "https://www.saucedemo.com/"}
[2026-06-11T12:07:11] [INFO] [LoginPage] Navigation successful | {"attempt": 1}
[2026-06-11T12:07:11] [INFO] Step: Inserting user credentials | {"username": "locked_out_user"}
[2026-06-11T12:07:11] [INFO] Step: Submitting login form
[2026-06-11T12:07:12] [INFO] Step: Validating login error message
[2026-06-11T12:07:12] [INFO] Validating login error message | {"actual": "Epic sadface: Sorry, this user has been locked out.", "expected": "Epic sadface: Sorry, this user has been locked out."}
[2026-06-11T12:07:12] [INFO] ✅ Validation Passed: Login error message matches expected value
[2026-06-11T12:07:12] [INFO] 
========== TEST RUN COMPLETED ==========

[2026-06-11T12:08:22] [INFO] 
========== TEST RUN STARTED: 2026-06-11T06:38:22.093603Z ==========

[2026-06-11T12:08:22] [INFO] ✅ Environment validation successful
[2026-06-11T12:08:23] [INFO] Step: Executing Bank Transaction API Request | {"title": "AML Alert", "userId": 1}
[2026-06-11T12:08:23] [INFO] API POST Request initiated | {"url": "https://jsonplaceholder.typicode.com/posts", "body": {"title": "AML Alert", "body": "AML Compliance Alert Triggered", "userId": 1}}
[2026-06-11T12:08:26] [INFO] API POST Response received | {"duration": "2141.87ms", "status": 201}
[2026-06-11T12:08:26] [INFO] Step: Validating API HTTP Status | {"actual": 201, "expected": 201}
[2026-06-11T12:08:26] [INFO] Validating HTTP status code | {"actual": 201, "expected": 201}
[2026-06-11T12:08:26] [INFO] ✅ Validation Passed: API Status matches
[2026-06-11T12:08:26] [INFO] Step: Validating transaction ID | {"id": 101}
[2026-06-11T12:08:26] [INFO] Validating transaction ID format | {"id": 101}
[2026-06-11T12:08:26] [INFO] ✅ Validation Passed: Transaction ID is valid and numeric
[2026-06-11T12:08:26] [INFO] Step: Navigating to login page
[2026-06-11T12:08:26] [INFO] [LoginPage] Navigation attempt 1/3 | {"url": "https://www.saucedemo.com/"}
[2026-06-11T12:08:27] [INFO] [LoginPage] Navigation successful | {"attempt": 1}
[2026-06-11T12:08:27] [INFO] Step: Inserting user credentials | {"username": "prasad"}
[2026-06-11T12:08:27] [INFO] Step: Submitting login form
[2026-06-11T12:08:28] [INFO] Step: Validating login error message
[2026-06-11T12:08:28] [INFO] Validating login error message | {"actual": "Epic sadface: Username and password do not match any user in this service", "expected": "Epic sadface: Username and password do not match any user in this service"}
[2026-06-11T12:08:28] [INFO] ✅ Validation Passed: Login error message matches expected value
[2026-06-11T12:08:28] [INFO] Step: Navigating to login page
[2026-06-11T12:08:28] [INFO] [LoginPage] Navigation attempt 1/3 | {"url": "https://www.saucedemo.com/"}
[2026-06-11T12:08:29] [INFO] [LoginPage] Navigation successful | {"attempt": 1}
[2026-06-11T12:08:29] [INFO] Step: Inserting user credentials | {"username": "problem_user"}
[2026-06-11T12:08:29] [INFO] Step: Submitting login form
[2026-06-11T12:08:29] [INFO] Step: Validating login error message
[2026-06-11T12:08:30] [INFO] Validating login error message | {"actual": "Epic sadface: Username and password do not match any user in this service", "expected": "Epic sadface: Username and password do not match any user in this service"}
[2026-06-11T12:08:30] [INFO] ✅ Validation Passed: Login error message matches expected value
[2026-06-11T12:08:30] [INFO] Step: Navigating to login page
[2026-06-11T12:08:30] [INFO] [LoginPage] Navigation attempt 1/3 | {"url": "https://www.saucedemo.com/"}
[2026-06-11T12:08:31] [INFO] [LoginPage] Navigation successful | {"attempt": 1}
[2026-06-11T12:08:31] [INFO] Step: Inserting user credentials | {"username": "problem_user"}
[2026-06-11T12:08:31] [INFO] Step: Submitting login form
[2026-06-11T12:08:31] [INFO] Step: Validating login error message
[2026-06-11T12:08:31] [INFO] Validating login error message | {"actual": "Epic sadface: Password is required", "expected": "Epic sadface: Password is required"}
[2026-06-11T12:08:31] [INFO] ✅ Validation Passed: Login error message matches expected value
[2026-06-11T12:08:32] [INFO] Step: Navigating to login page
[2026-06-11T12:08:32] [INFO] [LoginPage] Navigation attempt 1/3 | {"url": "https://www.saucedemo.com/"}
[2026-06-11T12:08:32] [INFO] [LoginPage] Navigation successful | {"attempt": 1}
[2026-06-11T12:08:32] [INFO] Step: Inserting user credentials | {"username": ""}
[2026-06-11T12:08:33] [INFO] Step: Submitting login form
[2026-06-11T12:08:33] [INFO] Step: Validating login error message
[2026-06-11T12:08:33] [INFO] Validating login error message | {"actual": "Epic sadface: Username is required", "expected": "Epic sadface: Username is required"}
[2026-06-11T12:08:33] [INFO] ✅ Validation Passed: Login error message matches expected value
[2026-06-11T12:08:33] [INFO] Step: Navigating to login page
[2026-06-11T12:08:33] [INFO] [LoginPage] Navigation attempt 1/3 | {"url": "https://www.saucedemo.com/"}
[2026-06-11T12:08:34] [INFO] [LoginPage] Navigation successful | {"attempt": 1}
[2026-06-11T12:08:34] [INFO] Step: Inserting user credentials | {"username": "locked_out_user"}
[2026-06-11T12:08:34] [INFO] Step: Submitting login form
[2026-06-11T12:08:35] [INFO] Step: Validating login error message
[2026-06-11T12:08:35] [INFO] Validating login error message | {"actual": "Epic sadface: Sorry, this user has been locked out.", "expected": "Epic sadface: Sorry, this user has been locked out."}
[2026-06-11T12:08:35] [INFO] ✅ Validation Passed: Login error message matches expected value
[2026-06-11T12:08:35] [INFO] 
========== TEST RUN COMPLETED ==========

[2026-06-11T12:11:28] [INFO] 
========== TEST RUN STARTED: 2026-06-11T06:41:28.093574Z ==========

[2026-06-11T12:11:28] [INFO] ✅ Environment validation successful
[2026-06-11T12:11:31] [INFO] 
========== TEST RUN STARTED: 2026-06-11T06:41:31.187689Z ==========

[2026-06-11T12:11:31] [INFO] 
========== TEST RUN STARTED: 2026-06-11T06:41:31.592845Z ==========

[2026-06-11T12:11:31] [INFO] ✅ Environment validation successful
[2026-06-11T12:11:32] [INFO] ✅ Environment validation successful
[2026-06-11T12:11:32] [INFO] 
========== TEST RUN STARTED: 2026-06-11T06:41:32.137568Z ==========

[2026-06-11T12:11:32] [INFO] ✅ Environment validation successful
[2026-06-11T12:11:32] [INFO] 
========== TEST RUN STARTED: 2026-06-11T06:41:32.610540Z ==========

[2026-06-11T12:11:32] [INFO] 
========== TEST RUN STARTED: 2026-06-11T06:41:32.984897Z ==========

[2026-06-11T12:11:33] [INFO] ✅ Environment validation successful
[2026-06-11T12:11:33] [INFO] 
========== TEST RUN STARTED: 2026-06-11T06:41:33.198480Z ==========

[2026-06-11T12:11:33] [INFO] ✅ Environment validation successful
[2026-06-11T12:11:33] [INFO] ✅ Environment validation successful
[2026-06-11T12:11:33] [INFO] 
========== TEST RUN STARTED: 2026-06-11T06:41:33.575360Z ==========

[2026-06-11T12:11:33] [INFO] 
========== TEST RUN STARTED: 2026-06-11T06:41:33.847407Z ==========

[2026-06-11T12:11:33] [INFO] ✅ Environment validation successful
[2026-06-11T12:11:34] [INFO] ✅ Environment validation successful
[2026-06-11T12:11:38] [INFO] Step: Navigating to login page
[2026-06-11T12:11:38] [INFO] [LoginPage] Navigation attempt 1/3 | {"url": "https://www.saucedemo.com/"}
[2026-06-11T12:11:38] [INFO] Step: Navigating to login page
[2026-06-11T12:11:38] [INFO] [LoginPage] Navigation attempt 1/3 | {"url": "https://www.saucedemo.com/"}
[2026-06-11T12:11:38] [INFO] Step: Navigating to login page
[2026-06-11T12:11:38] [INFO] [LoginPage] Navigation attempt 1/3 | {"url": "https://www.saucedemo.com/"}
[2026-06-11T12:11:38] [INFO] Step: Navigating to login page
[2026-06-11T12:11:38] [INFO] [LoginPage] Navigation attempt 1/3 | {"url": "https://www.saucedemo.com/"}
[2026-06-11T12:11:38] [INFO] Step: Navigating to login page
[2026-06-11T12:11:38] [INFO] [LoginPage] Navigation attempt 1/3 | {"url": "https://www.saucedemo.com/"}
[2026-06-11T12:11:38] [INFO] Step: Executing Bank Transaction API Request | {"title": "AML Alert", "userId": 1}
[2026-06-11T12:11:38] [INFO] API POST Request initiated | {"url": "https://jsonplaceholder.typicode.com/posts", "body": {"title": "AML Alert", "body": "AML Compliance Alert Triggered", "userId": 1}}
[2026-06-11T12:11:39] [INFO] [LoginPage] Navigation successful | {"attempt": 1}
[2026-06-11T12:11:39] [INFO] Step: Inserting user credentials | {"username": "locked_out_user"}
[2026-06-11T12:11:39] [INFO] [LoginPage] Navigation successful | {"attempt": 1}
[2026-06-11T12:11:39] [INFO] Step: Inserting user credentials | {"username": "problem_user"}
[2026-06-11T12:11:40] [INFO] [LoginPage] Navigation successful | {"attempt": 1}
[2026-06-11T12:11:40] [INFO] Step: Inserting user credentials | {"username": "problem_user"}
[2026-06-11T12:11:40] [INFO] [LoginPage] Navigation successful | {"attempt": 1}
[2026-06-11T12:11:40] [INFO] Step: Inserting user credentials | {"username": ""}
[2026-06-11T12:11:40] [INFO] API POST Response received | {"duration": "1746.88ms", "status": 201}
[2026-06-11T12:11:40] [INFO] Step: Validating API HTTP Status | {"actual": 201, "expected": 201}
[2026-06-11T12:11:40] [INFO] Validating HTTP status code | {"actual": 201, "expected": 201}
[2026-06-11T12:11:40] [INFO] ✅ Validation Passed: API Status matches
[2026-06-11T12:11:40] [INFO] Step: Validating transaction ID | {"id": 101}
[2026-06-11T12:11:40] [INFO] Validating transaction ID format | {"id": 101}
[2026-06-11T12:11:40] [INFO] ✅ Validation Passed: Transaction ID is valid and numeric
[2026-06-11T12:11:40] [INFO] [LoginPage] Navigation successful | {"attempt": 1}
[2026-06-11T12:11:40] [INFO] Step: Inserting user credentials | {"username": "prasad"}
[2026-06-11T12:11:41] [INFO] Step: Submitting login form
[2026-06-11T12:11:44] [INFO] Step: Submitting login form
[2026-06-11T12:11:45] [INFO] Step: Validating login error message
[2026-06-11T12:11:45] [INFO] Step: Submitting login form
[2026-06-11T12:11:45] [INFO] Step: Submitting login form
[2026-06-11T12:11:45] [INFO] Validating login error message | {"actual": "Epic sadface: Username and password do not match any user in this service", "expected": "Epic sadface: Username and password do not match any user in this service"}
[2026-06-11T12:11:45] [INFO] ✅ Validation Passed: Login error message matches expected value
[2026-06-11T12:11:46] [INFO] Step: Submitting login form
[2026-06-11T12:11:46] [INFO] Step: Validating login error message
[2026-06-11T12:11:46] [INFO] Step: Validating login error message
[2026-06-11T12:11:47] [INFO] Step: Validating login error message
[2026-06-11T12:11:47] [INFO] Validating login error message | {"actual": "Epic sadface: Sorry, this user has been locked out.", "expected": "Epic sadface: Sorry, this user has been locked out."}
[2026-06-11T12:11:47] [INFO] ✅ Validation Passed: Login error message matches expected value
[2026-06-11T12:11:47] [INFO] Step: Validating login error message
[2026-06-11T12:11:47] [INFO] Validating login error message | {"actual": "Epic sadface: Username is required", "expected": "Epic sadface: Username is required"}
[2026-06-11T12:11:47] [INFO] ✅ Validation Passed: Login error message matches expected value
[2026-06-11T12:11:48] [INFO] Validating login error message | {"actual": "Epic sadface: Username and password do not match any user in this service", "expected": "Epic sadface: Username and password do not match any user in this service"}
[2026-06-11T12:11:48] [INFO] ✅ Validation Passed: Login error message matches expected value
[2026-06-11T12:11:48] [INFO] Validating login error message | {"actual": "Epic sadface: Password is required", "expected": "Epic sadface: Password is required"}
[2026-06-11T12:11:48] [INFO] ✅ Validation Passed: Login error message matches expected value
[2026-06-11T12:19:41] [INFO] 
========== TEST RUN STARTED: 2026-06-11T06:49:41.350677Z ==========

[2026-06-11T12:19:41] [INFO] ✅ Environment validation successful
[2026-06-11T12:19:44] [INFO] Step: Executing Bank Transaction API Request | {"title": "AML Alert", "userId": 1}
[2026-06-11T12:19:44] [INFO] API POST Request initiated | {"url": "https://jsonplaceholder.typicode.com/posts", "body": {"title": "AML Alert", "body": "AML Compliance Alert Triggered", "userId": 1}}
[2026-06-11T12:20:07] [INFO] API POST Response received | {"duration": "22622.19ms", "status": 201}
[2026-06-11T12:20:07] [INFO] Step: Validating API HTTP Status | {"actual": 201, "expected": 201}
[2026-06-11T12:20:07] [INFO] Validating HTTP status code | {"actual": 201, "expected": 201}
[2026-06-11T12:20:07] [INFO] ✅ Validation Passed: API Status matches
[2026-06-11T12:20:07] [INFO] Step: Validating transaction ID | {"id": 101}
[2026-06-11T12:20:07] [INFO] Validating transaction ID format | {"id": 101}
[2026-06-11T12:20:07] [INFO] ✅ Validation Passed: Transaction ID is valid and numeric
[2026-06-11T12:20:10] [INFO] Step: Navigating to login page
[2026-06-11T12:20:10] [INFO] [LoginPage] Navigation attempt 1/3 | {"url": "https://www.saucedemo.com/"}
[2026-06-11T12:20:13] [INFO] [LoginPage] Navigation successful | {"attempt": 1}
[2026-06-11T12:20:13] [INFO] Step: Inserting user credentials | {"username": "prasad"}
[2026-06-11T12:20:14] [INFO] Step: Submitting login form
[2026-06-11T12:20:14] [INFO] Step: Validating login error message
[2026-06-11T12:20:14] [INFO] Validating login error message | {"actual": "Epic sadface: Username and password do not match any user in this service", "expected": "Epic sadface: Username and password do not match any user in this service"}
[2026-06-11T12:20:14] [INFO] ✅ Validation Passed: Login error message matches expected value
[2026-06-11T12:20:15] [INFO] Step: Navigating to login page
[2026-06-11T12:20:15] [INFO] [LoginPage] Navigation attempt 1/3 | {"url": "https://www.saucedemo.com/"}
[2026-06-11T12:20:15] [INFO] [LoginPage] Navigation successful | {"attempt": 1}
[2026-06-11T12:20:15] [INFO] Step: Inserting user credentials | {"username": "problem_user"}
[2026-06-11T12:20:15] [INFO] Step: Submitting login form
[2026-06-11T12:20:15] [INFO] Step: Validating login error message
[2026-06-11T12:20:16] [INFO] Validating login error message | {"actual": "Epic sadface: Username and password do not match any user in this service", "expected": "Epic sadface: Username and password do not match any user in this service"}
[2026-06-11T12:20:16] [INFO] ✅ Validation Passed: Login error message matches expected value
[2026-06-11T12:20:16] [INFO] Step: Navigating to login page
[2026-06-11T12:20:16] [INFO] [LoginPage] Navigation attempt 1/3 | {"url": "https://www.saucedemo.com/"}
[2026-06-11T12:20:16] [INFO] [LoginPage] Navigation successful | {"attempt": 1}
[2026-06-11T12:20:16] [INFO] Step: Inserting user credentials | {"username": "problem_user"}
[2026-06-11T12:20:17] [INFO] Step: Submitting login form
[2026-06-11T12:20:17] [INFO] Step: Validating login error message
[2026-06-11T12:20:17] [INFO] Validating login error message | {"actual": "Epic sadface: Password is required", "expected": "Epic sadface: Password is required"}
[2026-06-11T12:20:17] [INFO] ✅ Validation Passed: Login error message matches expected value
[2026-06-11T12:20:17] [INFO] Step: Navigating to login page
[2026-06-11T12:20:17] [INFO] [LoginPage] Navigation attempt 1/3 | {"url": "https://www.saucedemo.com/"}
[2026-06-11T12:20:18] [INFO] [LoginPage] Navigation successful | {"attempt": 1}
[2026-06-11T12:20:18] [INFO] Step: Inserting user credentials | {"username": ""}
[2026-06-11T12:20:18] [INFO] Step: Submitting login form
[2026-06-11T12:20:18] [INFO] Step: Validating login error message
[2026-06-11T12:20:18] [INFO] Validating login error message | {"actual": "Epic sadface: Username is required", "expected": "Epic sadface: Username is required"}
[2026-06-11T12:20:18] [INFO] ✅ Validation Passed: Login error message matches expected value
[2026-06-11T12:20:19] [INFO] Step: Navigating to login page
[2026-06-11T12:20:19] [INFO] [LoginPage] Navigation attempt 1/3 | {"url": "https://www.saucedemo.com/"}
[2026-06-11T12:20:19] [INFO] [LoginPage] Navigation successful | {"attempt": 1}
[2026-06-11T12:20:19] [INFO] Step: Inserting user credentials | {"username": "locked_out_user"}
[2026-06-11T12:20:19] [INFO] Step: Submitting login form
[2026-06-11T12:20:20] [INFO] Step: Validating login error message
[2026-06-11T12:20:20] [INFO] Validating login error message | {"actual": "Epic sadface: Sorry, this user has been locked out.", "expected": "Epic sadface: Sorry, this user has been locked out."}
[2026-06-11T12:20:20] [INFO] ✅ Validation Passed: Login error message matches expected value
[2026-06-11T12:20:20] [INFO] 
========== TEST RUN COMPLETED ==========

[2026-06-11T12:22:57] [INFO] 
========== TEST RUN STARTED: 2026-06-11T06:52:57.430331Z ==========

[2026-06-11T12:22:57] [INFO] ✅ Environment validation successful
[2026-06-11T12:23:01] [INFO] 
========== TEST RUN STARTED: 2026-06-11T06:53:01.832420Z ==========

[2026-06-11T12:23:02] [INFO] 
========== TEST RUN STARTED: 2026-06-11T06:53:02.756902Z ==========

[2026-06-11T12:23:03] [INFO] ✅ Environment validation successful
[2026-06-11T12:23:04] [INFO] ✅ Environment validation successful
[2026-06-11T12:23:04] [INFO] 
========== TEST RUN STARTED: 2026-06-11T06:53:04.542411Z ==========

[2026-06-11T12:23:04] [INFO] 
========== TEST RUN STARTED: 2026-06-11T06:53:04.889479Z ==========

[2026-06-11T12:23:05] [INFO] ✅ Environment validation successful
[2026-06-11T12:23:05] [INFO] 
========== TEST RUN STARTED: 2026-06-11T06:53:05.658623Z ==========

[2026-06-11T12:23:06] [INFO] ✅ Environment validation successful
[2026-06-11T12:23:06] [INFO] 
========== TEST RUN STARTED: 2026-06-11T06:53:06.597360Z ==========

[2026-06-11T12:23:06] [INFO] 
========== TEST RUN STARTED: 2026-06-11T06:53:06.604356Z ==========

[2026-06-11T12:23:06] [INFO] 
========== TEST RUN STARTED: 2026-06-11T06:53:06.654025Z ==========

[2026-06-11T12:23:06] [INFO] ✅ Environment validation successful
[2026-06-11T12:23:07] [INFO] ✅ Environment validation successful
[2026-06-11T12:23:07] [INFO] ✅ Environment validation successful
[2026-06-11T12:23:07] [INFO] ✅ Environment validation successful
[2026-06-11T12:23:14] [INFO] Step: Executing Bank Transaction API Request | {"title": "AML Alert", "userId": 1}
[2026-06-11T12:23:14] [INFO] API POST Request initiated | {"url": "https://jsonplaceholder.typicode.com/posts", "body": {"title": "AML Alert", "body": "AML Compliance Alert Triggered", "userId": 1}}
[2026-06-11T12:23:15] [INFO] Step: Navigating to login page
[2026-06-11T12:23:15] [INFO] [LoginPage] Navigation attempt 1/3 | {"url": "https://www.saucedemo.com/"}
[2026-06-11T12:23:15] [INFO] Step: Navigating to login page
[2026-06-11T12:23:15] [INFO] [LoginPage] Navigation attempt 1/3 | {"url": "https://www.saucedemo.com/"}
[2026-06-11T12:23:15] [INFO] Step: Navigating to login page
[2026-06-11T12:23:15] [INFO] [LoginPage] Navigation attempt 1/3 | {"url": "https://www.saucedemo.com/"}
[2026-06-11T12:23:15] [INFO] Step: Navigating to login page
[2026-06-11T12:23:15] [INFO] [LoginPage] Navigation attempt 1/3 | {"url": "https://www.saucedemo.com/"}
[2026-06-11T12:23:16] [INFO] [LoginPage] Navigation successful | {"attempt": 1}
[2026-06-11T12:23:16] [INFO] [LoginPage] Navigation successful | {"attempt": 1}
[2026-06-11T12:23:16] [INFO] [LoginPage] Navigation successful | {"attempt": 1}
[2026-06-11T12:23:16] [INFO] Step: Inserting user credentials | {"username": "problem_user"}
[2026-06-11T12:23:16] [INFO] Step: Inserting user credentials | {"username": "problem_user"}
[2026-06-11T12:23:16] [INFO] Step: Inserting user credentials | {"username": "prasad"}
[2026-06-11T12:23:16] [INFO] [LoginPage] Navigation successful | {"attempt": 1}
[2026-06-11T12:23:16] [INFO] Step: Inserting user credentials | {"username": "locked_out_user"}
[2026-06-11T12:23:16] [INFO] Step: Navigating to login page
[2026-06-11T12:23:16] [INFO] [LoginPage] Navigation attempt 1/3 | {"url": "https://www.saucedemo.com/"}
[2026-06-11T12:23:18] [INFO] [LoginPage] Navigation successful | {"attempt": 1}
[2026-06-11T12:23:18] [INFO] Step: Inserting user credentials | {"username": ""}
[2026-06-11T12:23:19] [INFO] Step: Submitting login form
[2026-06-11T12:23:20] [INFO] Step: Submitting login form
[2026-06-11T12:23:20] [INFO] Step: Submitting login form
[2026-06-11T12:23:20] [INFO] Step: Submitting login form
[2026-06-11T12:23:21] [INFO] Step: Validating login error message
[2026-06-11T12:23:21] [INFO] Step: Validating login error message
[2026-06-11T12:23:21] [INFO] Step: Validating login error message
[2026-06-11T12:23:21] [INFO] Validating login error message | {"actual": "Epic sadface: Username and password do not match any user in this service", "expected": "Epic sadface: Username and password do not match any user in this service"}
[2026-06-11T12:23:21] [INFO] ✅ Validation Passed: Login error message matches expected value
[2026-06-11T12:23:21] [INFO] Validating login error message | {"actual": "Epic sadface: Sorry, this user has been locked out.", "expected": "Epic sadface: Sorry, this user has been locked out."}
[2026-06-11T12:23:21] [INFO] ✅ Validation Passed: Login error message matches expected value
[2026-06-11T12:23:22] [INFO] Validating login error message | {"actual": "Epic sadface: Password is required", "expected": "Epic sadface: Password is required"}
[2026-06-11T12:23:22] [INFO] ✅ Validation Passed: Login error message matches expected value
[2026-06-11T12:23:23] [INFO] Step: Submitting login form
[2026-06-11T12:23:23] [INFO] Step: Validating login error message
[2026-06-11T12:23:24] [INFO] Validating login error message | {"actual": "Epic sadface: Username is required", "expected": "Epic sadface: Username is required"}
[2026-06-11T12:23:24] [INFO] ✅ Validation Passed: Login error message matches expected value
[2026-06-11T12:23:24] [INFO] Step: Validating login error message
[2026-06-11T12:23:25] [INFO] Validating login error message | {"actual": "Epic sadface: Username and password do not match any user in this service", "expected": "Epic sadface: Username and password do not match any user in this service"}
[2026-06-11T12:23:25] [INFO] ✅ Validation Passed: Login error message matches expected value
[2026-06-11T12:23:26] [INFO] Step: Executing Bank Transaction API Request | {"title": "AML Alert", "userId": 1}
[2026-06-11T12:23:26] [INFO] API POST Request initiated | {"url": "https://jsonplaceholder.typicode.com/posts", "body": {"title": "AML Alert", "body": "AML Compliance Alert Triggered", "userId": 1}}
[2026-06-11T12:23:30] [INFO] Step: Navigating to login page
[2026-06-11T12:23:30] [INFO] [LoginPage] Navigation attempt 1/3 | {"url": "https://www.saucedemo.com/"}
[2026-06-11T12:23:33] [INFO] [LoginPage] Navigation successful | {"attempt": 1}
[2026-06-11T12:23:33] [INFO] Step: Inserting user credentials | {"username": "prasad"}
[2026-06-11T12:23:34] [INFO] Step: Submitting login form
[2026-06-11T12:23:35] [INFO] Step: Validating login error message
[2026-06-11T12:23:36] [INFO] Validating login error message | {"actual": "Epic sadface: Username and password do not match any user in this service", "expected": "Epic sadface: Username and password do not match any user in this service"}
[2026-06-11T12:23:36] [INFO] ✅ Validation Passed: Login error message matches expected value
[2026-06-11T12:23:40] [INFO] API POST Response received | {"duration": "24865.53ms", "status": 201}
[2026-06-11T12:23:40] [INFO] Step: Validating API HTTP Status | {"actual": 201, "expected": 201}
[2026-06-11T12:23:40] [INFO] Validating HTTP status code | {"actual": 201, "expected": 201}
[2026-06-11T12:23:40] [INFO] ✅ Validation Passed: API Status matches
[2026-06-11T12:23:40] [INFO] Step: Validating transaction ID | {"id": 101}
[2026-06-11T12:23:40] [INFO] Validating transaction ID format | {"id": 101}
[2026-06-11T12:23:40] [INFO] ✅ Validation Passed: Transaction ID is valid and numeric
[2026-06-11T12:23:46] [INFO] Step: Navigating to login page
[2026-06-11T12:23:46] [INFO] [LoginPage] Navigation attempt 1/3 | {"url": "https://www.saucedemo.com/"}
[2026-06-11T12:23:48] [INFO] [LoginPage] Navigation successful | {"attempt": 1}
[2026-06-11T12:23:48] [INFO] Step: Inserting user credentials | {"username": "problem_user"}
[2026-06-11T12:23:51] [INFO] Step: Navigating to login page
[2026-06-11T12:23:51] [INFO] [LoginPage] Navigation attempt 1/3 | {"url": "https://www.saucedemo.com/"}
[2026-06-11T12:23:52] [INFO] Step: Submitting login form
[2026-06-11T12:23:52] [INFO] API POST Response received | {"duration": "25570.11ms", "status": 201}
[2026-06-11T12:23:52] [INFO] Step: Validating API HTTP Status | {"actual": 201, "expected": 201}
[2026-06-11T12:23:52] [INFO] Validating HTTP status code | {"actual": 201, "expected": 201}
[2026-06-11T12:23:52] [INFO] ✅ Validation Passed: API Status matches
[2026-06-11T12:23:52] [INFO] Step: Validating transaction ID | {"id": 101}
[2026-06-11T12:23:52] [INFO] Validating transaction ID format | {"id": 101}
[2026-06-11T12:23:52] [INFO] ✅ Validation Passed: Transaction ID is valid and numeric
[2026-06-11T12:23:53] [INFO] Step: Validating login error message
[2026-06-11T12:23:53] [INFO] Validating login error message | {"actual": "Epic sadface: Password is required", "expected": "Epic sadface: Password is required"}
[2026-06-11T12:23:53] [INFO] ✅ Validation Passed: Login error message matches expected value
[2026-06-11T12:23:54] [INFO] [LoginPage] Navigation successful | {"attempt": 1}
[2026-06-11T12:23:54] [INFO] Step: Inserting user credentials | {"username": "locked_out_user"}
[2026-06-11T12:23:56] [INFO] Step: Navigating to login page
[2026-06-11T12:23:56] [INFO] [LoginPage] Navigation attempt 1/3 | {"url": "https://www.saucedemo.com/"}
[2026-06-11T12:23:58] [INFO] Step: Submitting login form
[2026-06-11T12:23:58] [INFO] [LoginPage] Navigation successful | {"attempt": 1}
[2026-06-11T12:23:58] [INFO] Step: Inserting user credentials | {"username": ""}
[2026-06-11T12:23:59] [INFO] Step: Validating login error message
[2026-06-11T12:23:59] [INFO] Validating login error message | {"actual": "Epic sadface: Sorry, this user has been locked out.", "expected": "Epic sadface: Sorry, this user has been locked out."}
[2026-06-11T12:23:59] [INFO] ✅ Validation Passed: Login error message matches expected value
[2026-06-11T12:24:00] [INFO] Step: Submitting login form
[2026-06-11T12:24:01] [INFO] Step: Validating login error message
[2026-06-11T12:24:01] [INFO] Validating login error message | {"actual": "Epic sadface: Username is required", "expected": "Epic sadface: Username is required"}
[2026-06-11T12:24:01] [INFO] ✅ Validation Passed: Login error message matches expected value
[2026-06-11T12:24:08] [INFO] Step: Navigating to login page
[2026-06-11T12:24:08] [INFO] [LoginPage] Navigation attempt 1/3 | {"url": "https://www.saucedemo.com/"}
[2026-06-11T12:24:10] [INFO] [LoginPage] Navigation successful | {"attempt": 1}
[2026-06-11T12:24:10] [INFO] Step: Inserting user credentials | {"username": "problem_user"}
[2026-06-11T12:24:12] [INFO] Step: Submitting login form
[2026-06-11T12:24:12] [INFO] Step: Validating login error message
[2026-06-11T12:24:12] [INFO] Validating login error message | {"actual": "Epic sadface: Username and password do not match any user in this service", "expected": "Epic sadface: Username and password do not match any user in this service"}
[2026-06-11T12:24:12] [INFO] ✅ Validation Passed: Login error message matches expected value
[2026-06-11T12:31:47] [INFO] 
========== TEST RUN STARTED: 2026-06-11T07:01:47.487065Z ==========

[2026-06-11T12:31:47] [INFO] ✅ Environment validation successful
[2026-06-11T12:31:50] [INFO] 
========== TEST RUN STARTED: 2026-06-11T07:01:50.598293Z ==========

[2026-06-11T12:31:51] [INFO] ✅ Environment validation successful
[2026-06-11T12:31:51] [INFO] 
========== TEST RUN STARTED: 2026-06-11T07:01:51.125303Z ==========

[2026-06-11T12:31:51] [INFO] ✅ Environment validation successful
[2026-06-11T12:31:51] [INFO] 
========== TEST RUN STARTED: 2026-06-11T07:01:51.659104Z ==========

[2026-06-11T12:31:52] [INFO] 
========== TEST RUN STARTED: 2026-06-11T07:01:52.011174Z ==========

[2026-06-11T12:31:52] [INFO] ✅ Environment validation successful
[2026-06-11T12:31:52] [INFO] ✅ Environment validation successful
[2026-06-11T12:31:52] [INFO] 
========== TEST RUN STARTED: 2026-06-11T07:01:52.402760Z ==========

[2026-06-11T12:31:52] [INFO] 
========== TEST RUN STARTED: 2026-06-11T07:01:52.565335Z ==========

[2026-06-11T12:31:52] [INFO] ✅ Environment validation successful
[2026-06-11T12:31:52] [INFO] ✅ Environment validation successful
[2026-06-11T12:31:53] [INFO] 
========== TEST RUN STARTED: 2026-06-11T07:01:53.031040Z ==========

[2026-06-11T12:31:53] [INFO] ✅ Environment validation successful
[2026-06-11T12:31:53] [INFO] 
========== TEST RUN STARTED: 2026-06-11T07:01:53.426419Z ==========

[2026-06-11T12:31:53] [INFO] ✅ Environment validation successful
[2026-06-11T12:31:57] [INFO] Step: Navigating to login page
[2026-06-11T12:31:57] [INFO] [LoginPage] Navigation attempt 1/3 | {"url": "https://www.saucedemo.com/"}
[2026-06-11T12:31:57] [INFO] Step: Executing Bank Transaction API Request | {"title": "AML Alert", "userId": 1}
[2026-06-11T12:31:57] [INFO] API POST Request initiated | {"url": "https://jsonplaceholder.typicode.com/posts", "body": {"title": "AML Alert", "body": "AML Compliance Alert Triggered", "userId": 1}}
[2026-06-11T12:31:57] [INFO] Step: Navigating to login page
[2026-06-11T12:31:57] [INFO] [LoginPage] Navigation attempt 1/3 | {"url": "https://www.saucedemo.com/"}
[2026-06-11T12:31:57] [INFO] Step: Navigating to login page
[2026-06-11T12:31:57] [INFO] [LoginPage] Navigation attempt 1/3 | {"url": "https://www.saucedemo.com/"}
[2026-06-11T12:31:57] [INFO] Step: Navigating to login page
[2026-06-11T12:31:57] [INFO] [LoginPage] Navigation attempt 1/3 | {"url": "https://www.saucedemo.com/"}
[2026-06-11T12:31:58] [INFO] Step: Navigating to login page
[2026-06-11T12:31:58] [INFO] [LoginPage] Navigation attempt 1/3 | {"url": "https://www.saucedemo.com/"}
[2026-06-11T12:31:58] [INFO] [LoginPage] Navigation successful | {"attempt": 1}
[2026-06-11T12:31:58] [INFO] Step: Inserting user credentials | {"username": "locked_out_user"}
[2026-06-11T12:31:58] [INFO] [LoginPage] Navigation successful | {"attempt": 1}
[2026-06-11T12:31:58] [INFO] Step: Inserting user credentials | {"username": "problem_user"}
[2026-06-11T12:31:58] [INFO] [LoginPage] Navigation successful | {"attempt": 1}
[2026-06-11T12:31:58] [INFO] Step: Inserting user credentials | {"username": ""}
[2026-06-11T12:31:59] [INFO] Step: Submitting login form
[2026-06-11T12:31:59] [INFO] Step: Submitting login form
[2026-06-11T12:31:59] [INFO] [LoginPage] Navigation successful | {"attempt": 1}
[2026-06-11T12:31:59] [INFO] Step: Inserting user credentials | {"username": "prasad"}
[2026-06-11T12:31:59] [INFO] [LoginPage] Navigation successful | {"attempt": 1}
[2026-06-11T12:31:59] [INFO] Step: Inserting user credentials | {"username": "problem_user"}
[2026-06-11T12:31:59] [INFO] Step: Validating login error message
[2026-06-11T12:31:59] [INFO] Validating login error message | {"actual": "Epic sadface: Password is required", "expected": "Epic sadface: Password is required"}
[2026-06-11T12:31:59] [INFO] ✅ Validation Passed: Login error message matches expected value
[2026-06-11T12:32:00] [INFO] Step: Submitting login form
[2026-06-11T12:32:00] [INFO] Step: Validating login error message
[2026-06-11T12:32:00] [INFO] Validating login error message | {"actual": "Epic sadface: Username and password do not match any user in this service", "expected": "Epic sadface: Username and password do not match any user in this service"}
[2026-06-11T12:32:00] [INFO] ✅ Validation Passed: Login error message matches expected value
[2026-06-11T12:32:00] [INFO] Step: Submitting login form
[2026-06-11T12:32:00] [INFO] Step: Validating login error message
[2026-06-11T12:32:00] [INFO] Validating login error message | {"actual": "Epic sadface: Username is required", "expected": "Epic sadface: Username is required"}
[2026-06-11T12:32:00] [INFO] ✅ Validation Passed: Login error message matches expected value
[2026-06-11T12:32:01] [INFO] Step: Validating login error message
[2026-06-11T12:32:01] [INFO] Validating login error message | {"actual": "Epic sadface: Sorry, this user has been locked out.", "expected": "Epic sadface: Sorry, this user has been locked out."}
[2026-06-11T12:32:01] [INFO] ✅ Validation Passed: Login error message matches expected value
[2026-06-11T12:32:02] [INFO] Step: Submitting login form
[2026-06-11T12:32:02] [INFO] Step: Validating login error message
[2026-06-11T12:32:02] [INFO] Validating login error message | {"actual": "Epic sadface: Username and password do not match any user in this service", "expected": "Epic sadface: Username and password do not match any user in this service"}
[2026-06-11T12:32:02] [INFO] ✅ Validation Passed: Login error message matches expected value
[2026-06-11T12:32:03] [INFO] Step: Navigating to login page
[2026-06-11T12:32:03] [INFO] [LoginPage] Navigation attempt 1/3 | {"url": "https://www.saucedemo.com/"}
[2026-06-11T12:32:04] [INFO] Step: Executing Bank Transaction API Request | {"title": "AML Alert", "userId": 1}
[2026-06-11T12:32:04] [INFO] API POST Request initiated | {"url": "https://jsonplaceholder.typicode.com/posts", "body": {"title": "AML Alert", "body": "AML Compliance Alert Triggered", "userId": 1}}
[2026-06-11T12:32:04] [INFO] [LoginPage] Navigation successful | {"attempt": 1}
[2026-06-11T12:32:04] [INFO] Step: Inserting user credentials | {"username": "prasad"}
[2026-06-11T12:32:05] [INFO] Step: Submitting login form
[2026-06-11T12:32:05] [INFO] Step: Validating login error message
[2026-06-11T12:32:06] [INFO] Validating login error message | {"actual": "Epic sadface: Username and password do not match any user in this service", "expected": "Epic sadface: Username and password do not match any user in this service"}
[2026-06-11T12:32:06] [INFO] ✅ Validation Passed: Login error message matches expected value
[2026-06-11T12:32:07] [INFO] Step: Navigating to login page
[2026-06-11T12:32:07] [INFO] [LoginPage] Navigation attempt 1/3 | {"url": "https://www.saucedemo.com/"}
[2026-06-11T12:32:08] [INFO] [LoginPage] Navigation successful | {"attempt": 1}
[2026-06-11T12:32:08] [INFO] Step: Inserting user credentials | {"username": "locked_out_user"}
[2026-06-11T12:32:09] [INFO] Step: Navigating to login page
[2026-06-11T12:32:09] [INFO] [LoginPage] Navigation attempt 1/3 | {"url": "https://www.saucedemo.com/"}
[2026-06-11T12:32:09] [INFO] Step: Submitting login form
[2026-06-11T12:32:10] [INFO] Step: Validating login error message
[2026-06-11T12:32:10] [INFO] Validating login error message | {"actual": "Epic sadface: Sorry, this user has been locked out.", "expected": "Epic sadface: Sorry, this user has been locked out."}
[2026-06-11T12:32:10] [INFO] ✅ Validation Passed: Login error message matches expected value
[2026-06-11T12:32:10] [INFO] [LoginPage] Navigation successful | {"attempt": 1}
[2026-06-11T12:32:10] [INFO] Step: Inserting user credentials | {"username": "problem_user"}
[2026-06-11T12:32:11] [INFO] Step: Submitting login form
[2026-06-11T12:32:11] [INFO] Step: Validating login error message
[2026-06-11T12:32:11] [INFO] Validating login error message | {"actual": "Epic sadface: Password is required", "expected": "Epic sadface: Password is required"}
[2026-06-11T12:32:11] [INFO] ✅ Validation Passed: Login error message matches expected value
[2026-06-11T12:32:19] [INFO] API POST Response received | {"duration": "22163.41ms", "status": 201}
[2026-06-11T12:32:19] [INFO] Step: Validating API HTTP Status | {"actual": 201, "expected": 201}
[2026-06-11T12:32:19] [INFO] Validating HTTP status code | {"actual": 201, "expected": 201}
[2026-06-11T12:32:19] [INFO] ✅ Validation Passed: API Status matches
[2026-06-11T12:32:19] [INFO] Step: Validating transaction ID | {"id": 101}
[2026-06-11T12:32:19] [INFO] Validating transaction ID format | {"id": 101}
[2026-06-11T12:32:19] [INFO] ✅ Validation Passed: Transaction ID is valid and numeric
[2026-06-11T12:32:24] [INFO] Step: Navigating to login page
[2026-06-11T12:32:24] [INFO] [LoginPage] Navigation attempt 1/3 | {"url": "https://www.saucedemo.com/"}
[2026-06-11T12:32:25] [INFO] [LoginPage] Navigation successful | {"attempt": 1}
[2026-06-11T12:32:25] [INFO] Step: Inserting user credentials | {"username": "problem_user"}
[2026-06-11T12:32:25] [INFO] Step: Submitting login form
[2026-06-11T12:32:26] [INFO] Step: Validating login error message
[2026-06-11T12:32:26] [INFO] Validating login error message | {"actual": "Epic sadface: Username and password do not match any user in this service", "expected": "Epic sadface: Username and password do not match any user in this service"}
[2026-06-11T12:32:26] [INFO] ✅ Validation Passed: Login error message matches expected value
[2026-06-11T12:32:26] [INFO] API POST Response received | {"duration": "22280.49ms", "status": 201}
[2026-06-11T12:32:27] [INFO] Step: Validating API HTTP Status | {"actual": 201, "expected": 201}
[2026-06-11T12:32:27] [INFO] Validating HTTP status code | {"actual": 201, "expected": 201}
[2026-06-11T12:32:27] [INFO] ✅ Validation Passed: API Status matches
[2026-06-11T12:32:27] [INFO] Step: Validating transaction ID | {"id": 101}
[2026-06-11T12:32:27] [INFO] Validating transaction ID format | {"id": 101}
[2026-06-11T12:32:27] [INFO] ✅ Validation Passed: Transaction ID is valid and numeric
[2026-06-11T12:32:27] [INFO] Step: Navigating to login page
[2026-06-11T12:32:27] [INFO] [LoginPage] Navigation attempt 1/3 | {"url": "https://www.saucedemo.com/"}
[2026-06-11T12:32:28] [INFO] [LoginPage] Navigation successful | {"attempt": 1}
[2026-06-11T12:32:28] [INFO] Step: Inserting user credentials | {"username": ""}
[2026-06-11T12:32:28] [INFO] Step: Submitting login form
[2026-06-11T12:32:28] [INFO] Step: Validating login error message
[2026-06-11T12:32:28] [INFO] Validating login error message | {"actual": "Epic sadface: Username is required", "expected": "Epic sadface: Username is required"}
[2026-06-11T12:32:28] [INFO] ✅ Validation Passed: Login error message matches expected value
[2026-06-11T12:35:41] [INFO] 
========== TEST RUN STARTED: 2026-06-11T07:05:41.652660Z ==========

[2026-06-11T12:35:41] [INFO] ✅ Environment validation successful
[2026-06-11T12:35:44] [INFO] 
========== TEST RUN STARTED: 2026-06-11T07:05:44.609068Z ==========

[2026-06-11T12:35:45] [INFO] ✅ Environment validation successful
[2026-06-11T12:35:45] [INFO] 
========== TEST RUN STARTED: 2026-06-11T07:05:45.258017Z ==========

[2026-06-11T12:35:45] [INFO] 
========== TEST RUN STARTED: 2026-06-11T07:05:45.796393Z ==========

[2026-06-11T12:35:46] [INFO] ✅ Environment validation successful
[2026-06-11T12:35:46] [INFO] ✅ Environment validation successful
[2026-06-11T12:35:46] [INFO] 
========== TEST RUN STARTED: 2026-06-11T07:05:46.954159Z ==========

[2026-06-11T12:35:47] [INFO] 
========== TEST RUN STARTED: 2026-06-11T07:05:47.244000Z ==========

[2026-06-11T12:35:47] [INFO] ✅ Environment validation successful
[2026-06-11T12:35:48] [INFO] 
========== TEST RUN STARTED: 2026-06-11T07:05:48.113458Z ==========

[2026-06-11T12:35:48] [INFO] 
========== TEST RUN STARTED: 2026-06-11T07:05:48.179758Z ==========

[2026-06-11T12:35:48] [INFO] ✅ Environment validation successful
[2026-06-11T12:35:48] [INFO] 
========== TEST RUN STARTED: 2026-06-11T07:05:48.800744Z ==========

[2026-06-11T12:35:49] [INFO] ✅ Environment validation successful
[2026-06-11T12:35:49] [INFO] ✅ Environment validation successful
[2026-06-11T12:35:49] [INFO] ✅ Environment validation successful
[2026-06-11T12:35:56] [INFO] Step: Executing Bank Transaction API Request | {"title": "AML Alert", "userId": 1}
[2026-06-11T12:35:56] [INFO] API POST Request initiated | {"url": "https://jsonplaceholder.typicode.com/posts", "body": {"title": "AML Alert", "body": "AML Compliance Alert Triggered", "userId": 1}}
[2026-06-11T12:35:57] [INFO] Step: Navigating to login page
[2026-06-11T12:35:57] [INFO] [LoginPage] Navigation attempt 1/3 | {"url": "https://www.saucedemo.com/"}
[2026-06-11T12:35:57] [INFO] Step: Navigating to login page
[2026-06-11T12:35:57] [INFO] [LoginPage] Navigation attempt 1/3 | {"url": "https://www.saucedemo.com/"}
[2026-06-11T12:35:57] [INFO] Step: Navigating to login page
[2026-06-11T12:35:57] [INFO] [LoginPage] Navigation attempt 1/3 | {"url": "https://www.saucedemo.com/"}
[2026-06-11T12:35:57] [INFO] Step: Navigating to login page
[2026-06-11T12:35:57] [INFO] [LoginPage] Navigation attempt 1/3 | {"url": "https://www.saucedemo.com/"}
[2026-06-11T12:35:57] [INFO] Step: Navigating to login page
[2026-06-11T12:35:57] [INFO] [LoginPage] Navigation attempt 1/3 | {"url": "https://www.saucedemo.com/"}
[2026-06-11T12:35:59] [INFO] [LoginPage] Navigation successful | {"attempt": 1}
[2026-06-11T12:35:59] [INFO] Step: Inserting user credentials | {"username": "locked_out_user"}
[2026-06-11T12:35:59] [INFO] [LoginPage] Navigation successful | {"attempt": 1}
[2026-06-11T12:35:59] [INFO] Step: Inserting user credentials | {"username": "prasad"}
[2026-06-11T12:35:59] [INFO] Step: Inserting user credentials | {"username": ""}
[2026-06-11T12:35:59] [INFO] [LoginPage] Navigation successful | {"attempt": 1}
[2026-06-11T12:35:59] [INFO] Step: Inserting user credentials | {"username": "problem_user"}
[2026-06-11T12:35:59] [INFO] [LoginPage] Navigation successful | {"attempt": 1}
[2026-06-11T12:35:59] [INFO] Step: Inserting user credentials | {"username": "problem_user"}
[2026-06-11T12:36:01] [INFO] Step: Submitting login form
[2026-06-11T12:36:01] [INFO] Step: Submitting login form
[2026-06-11T12:36:02] [INFO] Step: Submitting login form
[2026-06-11T12:36:02] [INFO] Step: Submitting login form
[2026-06-11T12:36:02] [INFO] Step: Validating login error message
[2026-06-11T12:36:02] [INFO] Step: Validating login error message
[2026-06-11T12:36:02] [INFO] Step: Validating login error message
[2026-06-11T12:36:03] [INFO] Validating login error message | {"actual": "Epic sadface: Password is required", "expected": "Epic sadface: Password is required"}
[2026-06-11T12:36:03] [INFO] ✅ Validation Passed: Login error message matches expected value
[2026-06-11T12:36:03] [INFO] Step: Validating login error message
[2026-06-11T12:36:03] [INFO] Validating login error message | {"actual": "Epic sadface: Sorry, this user has been locked out.", "expected": "Epic sadface: Sorry, this user has been locked out."}
[2026-06-11T12:36:03] [INFO] ✅ Validation Passed: Login error message matches expected value
[2026-06-11T12:36:03] [INFO] Validating login error message | {"actual": "Epic sadface: Username and password do not match any user in this service", "expected": "Epic sadface: Username and password do not match any user in this service"}
[2026-06-11T12:36:03] [INFO] ✅ Validation Passed: Login error message matches expected value
[2026-06-11T12:36:03] [INFO] Validating login error message | {"actual": "Epic sadface: Username and password do not match any user in this service", "expected": "Epic sadface: Username and password do not match any user in this service"}
[2026-06-11T12:36:03] [INFO] ✅ Validation Passed: Login error message matches expected value
[2026-06-11T12:36:05] [INFO] Step: Submitting login form
[2026-06-11T12:36:06] [INFO] Step: Validating login error message
[2026-06-11T12:36:06] [INFO] Validating login error message | {"actual": "Epic sadface: Username is required", "expected": "Epic sadface: Username is required"}
[2026-06-11T12:36:06] [INFO] ✅ Validation Passed: Login error message matches expected value
[2026-06-11T12:36:08] [INFO] Step: Navigating to login page
[2026-06-11T12:36:08] [INFO] [LoginPage] Navigation attempt 1/3 | {"url": "https://www.saucedemo.com/"}
[2026-06-11T12:36:10] [INFO] [LoginPage] Navigation successful | {"attempt": 1}
[2026-06-11T12:36:10] [INFO] Step: Inserting user credentials | {"username": "prasad"}
[2026-06-11T12:36:10] [INFO] Step: Executing Bank Transaction API Request | {"title": "AML Alert", "userId": 1}
[2026-06-11T12:36:10] [INFO] API POST Request initiated | {"url": "https://jsonplaceholder.typicode.com/posts", "body": {"title": "AML Alert", "body": "AML Compliance Alert Triggered", "userId": 1}}
[2026-06-11T12:36:12] [INFO] Step: Submitting login form
[2026-06-11T12:36:13] [INFO] Step: Validating login error message
[2026-06-11T12:36:13] [INFO] Validating login error message | {"actual": "Epic sadface: Username and password do not match any user in this service", "expected": "Epic sadface: Username and password do not match any user in this service"}
[2026-06-11T12:36:13] [INFO] ✅ Validation Passed: Login error message matches expected value
[2026-06-11T12:36:18] [INFO] Step: Navigating to login page
[2026-06-11T12:36:18] [INFO] [LoginPage] Navigation attempt 1/3 | {"url": "https://www.saucedemo.com/"}
[2026-06-11T12:36:19] [INFO] Step: Navigating to login page
[2026-06-11T12:36:19] [INFO] [LoginPage] Navigation attempt 1/3 | {"url": "https://www.saucedemo.com/"}
[2026-06-11T12:36:20] [INFO] API POST Response received | {"duration": "23817.00ms", "status": 201}
[2026-06-11T12:36:20] [INFO] Step: Validating API HTTP Status | {"actual": 201, "expected": 201}
[2026-06-11T12:36:20] [INFO] Validating HTTP status code | {"actual": 201, "expected": 201}
[2026-06-11T12:36:20] [INFO] ✅ Validation Passed: API Status matches
[2026-06-11T12:36:20] [INFO] Step: Validating transaction ID | {"id": 101}
[2026-06-11T12:36:20] [INFO] Validating transaction ID format | {"id": 101}
[2026-06-11T12:36:20] [INFO] ✅ Validation Passed: Transaction ID is valid and numeric
[2026-06-11T12:36:21] [INFO] [LoginPage] Navigation successful | {"attempt": 1}
[2026-06-11T12:36:21] [INFO] Step: Inserting user credentials | {"username": "problem_user"}
[2026-06-11T12:36:22] [INFO] [LoginPage] Navigation successful | {"attempt": 1}
[2026-06-11T12:36:22] [INFO] Step: Inserting user credentials | {"username": "locked_out_user"}
[2026-06-11T12:36:23] [INFO] Step: Submitting login form
[2026-06-11T12:36:24] [INFO] Step: Submitting login form
[2026-06-11T12:36:24] [INFO] Step: Validating login error message
[2026-06-11T12:36:24] [INFO] Validating login error message | {"actual": "Epic sadface: Password is required", "expected": "Epic sadface: Password is required"}
[2026-06-11T12:36:24] [INFO] ✅ Validation Passed: Login error message matches expected value
[2026-06-11T12:36:25] [INFO] Step: Validating login error message
[2026-06-11T12:36:25] [INFO] Validating login error message | {"actual": "Epic sadface: Sorry, this user has been locked out.", "expected": "Epic sadface: Sorry, this user has been locked out."}
[2026-06-11T12:36:25] [INFO] ✅ Validation Passed: Login error message matches expected value
[2026-06-11T12:36:34] [INFO] API POST Response received | {"duration": "23647.12ms", "status": 201}
[2026-06-11T12:36:34] [INFO] Step: Validating API HTTP Status | {"actual": 201, "expected": 201}
[2026-06-11T12:36:34] [INFO] Validating HTTP status code | {"actual": 201, "expected": 201}
[2026-06-11T12:36:34] [INFO] ✅ Validation Passed: API Status matches
[2026-06-11T12:36:34] [INFO] Step: Validating transaction ID | {"id": 101}
[2026-06-11T12:36:34] [INFO] Validating transaction ID format | {"id": 101}
[2026-06-11T12:36:34] [INFO] ✅ Validation Passed: Transaction ID is valid and numeric
[2026-06-11T12:36:35] [INFO] Step: Navigating to login page
[2026-06-11T12:36:35] [INFO] [LoginPage] Navigation attempt 1/3 | {"url": "https://www.saucedemo.com/"}
[2026-06-11T12:36:35] [INFO] Step: Navigating to login page
[2026-06-11T12:36:35] [INFO] [LoginPage] Navigation attempt 1/3 | {"url": "https://www.saucedemo.com/"}
[2026-06-11T12:36:37] [INFO] [LoginPage] Navigation successful | {"attempt": 1}
[2026-06-11T12:36:37] [INFO] Step: Inserting user credentials | {"username": ""}
[2026-06-11T12:36:37] [INFO] [LoginPage] Navigation successful | {"attempt": 1}
[2026-06-11T12:36:37] [INFO] Step: Inserting user credentials | {"username": "problem_user"}
[2026-06-11T12:36:38] [INFO] Step: Submitting login form
[2026-06-11T12:36:38] [INFO] Step: Validating login error message
[2026-06-11T12:36:38] [INFO] Validating login error message | {"actual": "Epic sadface: Username is required", "expected": "Epic sadface: Username is required"}
[2026-06-11T12:36:38] [INFO] ✅ Validation Passed: Login error message matches expected value
[2026-06-11T12:36:39] [INFO] Step: Submitting login form
[2026-06-11T12:36:40] [INFO] Step: Validating login error message
[2026-06-11T12:36:40] [INFO] Validating login error message | {"actual": "Epic sadface: Username and password do not match any user in this service", "expected": "Epic sadface: Username and password do not match any user in this service"}
[2026-06-11T12:36:40] [INFO] ✅ Validation Passed: Login error message matches expected value
[2026-06-11T12:39:13] [INFO] 
========== TEST RUN STARTED: 2026-06-11T07:09:13.210150Z ==========

[2026-06-11T12:39:13] [INFO] ✅ Environment validation successful
[2026-06-11T12:39:16] [INFO] 
========== TEST RUN STARTED: 2026-06-11T07:09:16.356566Z ==========

[2026-06-11T12:39:17] [INFO] 
========== TEST RUN STARTED: 2026-06-11T07:09:17.167068Z ==========

[2026-06-11T12:39:17] [INFO] ✅ Environment validation successful
[2026-06-11T12:39:17] [INFO] 
========== TEST RUN STARTED: 2026-06-11T07:09:17.906680Z ==========

[2026-06-11T12:39:18] [INFO] ✅ Environment validation successful
[2026-06-11T12:39:18] [INFO] 
========== TEST RUN STARTED: 2026-06-11T07:09:18.957346Z ==========

[2026-06-11T12:39:19] [INFO] ✅ Environment validation successful
[2026-06-11T12:39:19] [INFO] 
========== TEST RUN STARTED: 2026-06-11T07:09:19.622229Z ==========

[2026-06-11T12:39:19] [INFO] ✅ Environment validation successful
[2026-06-11T12:39:19] [INFO] 
========== TEST RUN STARTED: 2026-06-11T07:09:19.836506Z ==========

[2026-06-11T12:39:19] [INFO] 
========== TEST RUN STARTED: 2026-06-11T07:09:19.957123Z ==========

[2026-06-11T12:39:20] [INFO] 
========== TEST RUN STARTED: 2026-06-11T07:09:20.114304Z ==========

[2026-06-11T12:39:20] [INFO] ✅ Environment validation successful
[2026-06-11T12:39:20] [INFO] ✅ Environment validation successful
[2026-06-11T12:39:20] [INFO] ✅ Environment validation successful
[2026-06-11T12:39:21] [INFO] ✅ Environment validation successful
[2026-06-11T12:39:27] [INFO] Step: Navigating to login page
[2026-06-11T12:39:27] [INFO] [LoginPage] Navigation attempt 1/3 | {"url": "https://www.saucedemo.com/"}
[2026-06-11T12:39:28] [INFO] Step: Executing Bank Transaction API Request | {"title": "AML Alert", "userId": 1}
[2026-06-11T12:39:28] [INFO] API POST Request initiated | {"url": "https://jsonplaceholder.typicode.com/posts", "body": {"title": "AML Alert", "body": "AML Compliance Alert Triggered", "userId": 1}}
[2026-06-11T12:39:28] [INFO] Step: Navigating to login page
[2026-06-11T12:39:28] [INFO] [LoginPage] Navigation attempt 1/3 | {"url": "https://www.saucedemo.com/"}
[2026-06-11T12:39:28] [INFO] Step: Navigating to login page
[2026-06-11T12:39:28] [INFO] [LoginPage] Navigation attempt 1/3 | {"url": "https://www.saucedemo.com/"}
[2026-06-11T12:39:29] [INFO] Step: Navigating to login page
[2026-06-11T12:39:29] [INFO] [LoginPage] Navigation attempt 1/3 | {"url": "https://www.saucedemo.com/"}
[2026-06-11T12:39:29] [INFO] [LoginPage] Navigation successful | {"attempt": 1}
[2026-06-11T12:39:29] [INFO] Step: Inserting user credentials | {"username": "locked_out_user"}
[2026-06-11T12:39:29] [INFO] Step: Navigating to login page
[2026-06-11T12:39:29] [INFO] [LoginPage] Navigation attempt 1/3 | {"url": "https://www.saucedemo.com/"}
[2026-06-11T12:39:30] [INFO] [LoginPage] Navigation successful | {"attempt": 1}
[2026-06-11T12:39:30] [INFO] Step: Inserting user credentials | {"username": "problem_user"}
[2026-06-11T12:39:30] [INFO] [LoginPage] Navigation successful | {"attempt": 1}
[2026-06-11T12:39:30] [INFO] Step: Inserting user credentials | {"username": "problem_user"}
[2026-06-11T12:39:30] [INFO] [LoginPage] Navigation successful | {"attempt": 1}
[2026-06-11T12:39:30] [INFO] Step: Inserting user credentials | {"username": "prasad"}
[2026-06-11T12:39:30] [INFO] [LoginPage] Navigation successful | {"attempt": 1}
[2026-06-11T12:39:30] [INFO] Step: Inserting user credentials | {"username": ""}
[2026-06-11T12:39:32] [INFO] Step: Submitting login form
[2026-06-11T12:39:33] [INFO] Step: Submitting login form
[2026-06-11T12:39:33] [INFO] Step: Validating login error message
[2026-06-11T12:39:33] [INFO] Step: Submitting login form
[2026-06-11T12:39:33] [INFO] Step: Submitting login form
[2026-06-11T12:39:33] [INFO] Step: Submitting login form
[2026-06-11T12:39:33] [INFO] Validating login error message | {"actual": "Epic sadface: Sorry, this user has been locked out.", "expected": "Epic sadface: Sorry, this user has been locked out."}
[2026-06-11T12:39:33] [INFO] ✅ Validation Passed: Login error message matches expected value
[2026-06-11T12:39:33] [INFO] Step: Validating login error message
[2026-06-11T12:39:34] [INFO] Step: Validating login error message
[2026-06-11T12:39:34] [INFO] Step: Validating login error message
[2026-06-11T12:39:34] [INFO] Step: Validating login error message
[2026-06-11T12:39:34] [INFO] Validating login error message | {"actual": "Epic sadface: Password is required", "expected": "Epic sadface: Password is required"}
[2026-06-11T12:39:34] [INFO] ✅ Validation Passed: Login error message matches expected value
[2026-06-11T12:39:34] [INFO] Validating login error message | {"actual": "Epic sadface: Username and password do not match any user in this service", "expected": "Epic sadface: Username and password do not match any user in this service"}
[2026-06-11T12:39:34] [INFO] ✅ Validation Passed: Login error message matches expected value
[2026-06-11T12:39:34] [INFO] Validating login error message | {"actual": "Epic sadface: Username and password do not match any user in this service", "expected": "Epic sadface: Username and password do not match any user in this service"}
[2026-06-11T12:39:34] [INFO] ✅ Validation Passed: Login error message matches expected value
[2026-06-11T12:39:34] [INFO] Validating login error message | {"actual": "Epic sadface: Username is required", "expected": "Epic sadface: Username is required"}
[2026-06-11T12:39:34] [INFO] ✅ Validation Passed: Login error message matches expected value
[2026-06-11T12:39:38] [INFO] Step: Navigating to login page
[2026-06-11T12:39:38] [INFO] [LoginPage] Navigation attempt 1/3 | {"url": "https://www.saucedemo.com/"}
[2026-06-11T12:39:41] [INFO] Step: Navigating to login page
[2026-06-11T12:39:41] [INFO] [LoginPage] Navigation attempt 1/3 | {"url": "https://www.saucedemo.com/"}
[2026-06-11T12:39:42] [INFO] [LoginPage] Navigation successful | {"attempt": 1}
[2026-06-11T12:39:42] [INFO] Step: Inserting user credentials | {"username": "prasad"}
[2026-06-11T12:39:44] [INFO] Step: Navigating to login page
[2026-06-11T12:39:44] [INFO] Step: Submitting login form
[2026-06-11T12:39:44] [INFO] [LoginPage] Navigation attempt 1/3 | {"url": "https://www.saucedemo.com/"}
[2026-06-11T12:39:45] [INFO] [LoginPage] Navigation successful | {"attempt": 1}
[2026-06-11T12:39:45] [INFO] Step: Inserting user credentials | {"username": "problem_user"}
[2026-06-11T12:39:45] [INFO] Step: Validating login error message
[2026-06-11T12:39:46] [INFO] Validating login error message | {"actual": "Epic sadface: Username and password do not match any user in this service", "expected": "Epic sadface: Username and password do not match any user in this service"}
[2026-06-11T12:39:46] [INFO] ✅ Validation Passed: Login error message matches expected value
[2026-06-11T12:39:46] [INFO] Step: Navigating to login page
[2026-06-11T12:39:46] [INFO] [LoginPage] Navigation attempt 1/3 | {"url": "https://www.saucedemo.com/"}
[2026-06-11T12:39:47] [INFO] Step: Submitting login form
[2026-06-11T12:39:48] [INFO] [LoginPage] Navigation successful | {"attempt": 1}
[2026-06-11T12:39:48] [INFO] Step: Inserting user credentials | {"username": "locked_out_user"}
[2026-06-11T12:39:49] [INFO] Step: Validating login error message
[2026-06-11T12:39:50] [INFO] Validating login error message | {"actual": "Epic sadface: Username and password do not match any user in this service", "expected": "Epic sadface: Username and password do not match any user in this service"}
[2026-06-11T12:39:50] [INFO] ✅ Validation Passed: Login error message matches expected value
[2026-06-11T12:39:51] [INFO] [LoginPage] Navigation successful | {"attempt": 1}
[2026-06-11T12:39:51] [INFO] Step: Inserting user credentials | {"username": ""}
[2026-06-11T12:39:51] [INFO] Step: Submitting login form
[2026-06-11T12:39:52] [INFO] Step: Validating login error message
[2026-06-11T12:39:53] [INFO] Validating login error message | {"actual": "Epic sadface: Sorry, this user has been locked out.", "expected": "Epic sadface: Sorry, this user has been locked out."}
[2026-06-11T12:39:53] [INFO] ✅ Validation Passed: Login error message matches expected value
[2026-06-11T12:39:53] [INFO] API POST Response received | {"duration": "24726.88ms", "status": 201}
[2026-06-11T12:39:53] [INFO] Step: Validating API HTTP Status | {"actual": 201, "expected": 201}
[2026-06-11T12:39:53] [INFO] Validating HTTP status code | {"actual": 201, "expected": 201}
[2026-06-11T12:39:53] [INFO] ✅ Validation Passed: API Status matches
[2026-06-11T12:39:53] [INFO] Step: Validating transaction ID | {"id": 101}
[2026-06-11T12:39:53] [INFO] Validating transaction ID format | {"id": 101}
[2026-06-11T12:39:53] [INFO] ✅ Validation Passed: Transaction ID is valid and numeric
[2026-06-11T12:39:54] [INFO] Step: Submitting login form
[2026-06-11T12:39:56] [INFO] Step: Validating login error message
[2026-06-11T12:39:56] [INFO] Validating login error message | {"actual": "Epic sadface: Username is required", "expected": "Epic sadface: Username is required"}
[2026-06-11T12:39:56] [INFO] ✅ Validation Passed: Login error message matches expected value
[2026-06-11T12:40:07] [INFO] Step: Navigating to login page
[2026-06-11T12:40:07] [INFO] [LoginPage] Navigation attempt 1/3 | {"url": "https://www.saucedemo.com/"}
[2026-06-11T12:40:09] [INFO] [LoginPage] Navigation successful | {"attempt": 1}
[2026-06-11T12:40:09] [INFO] Step: Inserting user credentials | {"username": "problem_user"}
[2026-06-11T12:40:10] [INFO] Step: Submitting login form
[2026-06-11T12:40:11] [INFO] Step: Validating login error message
[2026-06-11T12:40:11] [INFO] Validating login error message | {"actual": "Epic sadface: Password is required", "expected": "Epic sadface: Password is required"}
[2026-06-11T12:40:11] [INFO] ✅ Validation Passed: Login error message matches expected value
[2026-06-11T12:41:57] [INFO] 
========== TEST RUN STARTED: 2026-06-11T07:11:57.827121Z ==========

[2026-06-11T12:41:58] [INFO] ✅ Environment validation successful
[2026-06-11T12:42:00] [INFO] 
========== TEST RUN STARTED: 2026-06-11T07:12:00.693810Z ==========

[2026-06-11T12:42:01] [INFO] ✅ Environment validation successful
[2026-06-11T12:42:01] [INFO] 
========== TEST RUN STARTED: 2026-06-11T07:12:01.217816Z ==========

[2026-06-11T12:42:01] [INFO] 
========== TEST RUN STARTED: 2026-06-11T07:12:01.505588Z ==========

[2026-06-11T12:42:01] [INFO] ✅ Environment validation successful
[2026-06-11T12:42:02] [INFO] ✅ Environment validation successful
[2026-06-11T12:42:02] [INFO] 
========== TEST RUN STARTED: 2026-06-11T07:12:02.517035Z ==========

[2026-06-11T12:42:02] [INFO] 
========== TEST RUN STARTED: 2026-06-11T07:12:02.610704Z ==========

[2026-06-11T12:42:02] [INFO] ✅ Environment validation successful
[2026-06-11T12:42:03] [INFO] ✅ Environment validation successful
[2026-06-11T12:42:03] [INFO] 
========== TEST RUN STARTED: 2026-06-11T07:12:03.120050Z ==========

[2026-06-11T12:42:03] [INFO] 
========== TEST RUN STARTED: 2026-06-11T07:12:03.229910Z ==========

[2026-06-11T12:42:03] [INFO] ✅ Environment validation successful
[2026-06-11T12:42:03] [INFO] ✅ Environment validation successful
[2026-06-11T12:42:03] [INFO] 
========== TEST RUN STARTED: 2026-06-11T07:12:03.648057Z ==========

[2026-06-11T12:42:03] [INFO] ✅ Environment validation successful
[2026-06-11T12:42:06] [INFO] Step: Navigating to login page
[2026-06-11T12:42:06] [INFO] [LoginPage] Navigation attempt 1/3 | {"url": "https://www.saucedemo.com/"}
[2026-06-11T12:42:07] [INFO] Step: Navigating to login page
[2026-06-11T12:42:07] [INFO] [LoginPage] Navigation attempt 1/3 | {"url": "https://www.saucedemo.com/"}
[2026-06-11T12:42:07] [INFO] Step: Navigating to login page
[2026-06-11T12:42:07] [INFO] [LoginPage] Navigation attempt 1/3 | {"url": "https://www.saucedemo.com/"}
[2026-06-11T12:42:07] [INFO] Step: Navigating to login page
[2026-06-11T12:42:07] [INFO] [LoginPage] Navigation attempt 1/3 | {"url": "https://www.saucedemo.com/"}
[2026-06-11T12:42:07] [INFO] Step: Navigating to login page
[2026-06-11T12:42:07] [INFO] [LoginPage] Navigation attempt 1/3 | {"url": "https://www.saucedemo.com/"}
[2026-06-11T12:42:08] [INFO] [LoginPage] Navigation successful | {"attempt": 1}
[2026-06-11T12:42:08] [INFO] Step: Inserting user credentials | {"username": "locked_out_user"}
[2026-06-11T12:42:08] [INFO] Step: Submitting login form
[2026-06-11T12:42:08] [INFO] [LoginPage] Navigation successful | {"attempt": 1}
[2026-06-11T12:42:08] [INFO] Step: Inserting user credentials | {"username": "problem_user"}
[2026-06-11T12:42:08] [INFO] [LoginPage] Navigation successful | {"attempt": 1}
[2026-06-11T12:42:08] [INFO] Step: Inserting user credentials | {"username": "problem_user"}
[2026-06-11T12:42:08] [INFO] [LoginPage] Navigation successful | {"attempt": 1}
[2026-06-11T12:42:08] [INFO] Step: Inserting user credentials | {"username": "prasad"}
[2026-06-11T12:42:08] [INFO] Step: Validating login error message
[2026-06-11T12:42:08] [INFO] Validating login error message | {"actual": "Epic sadface: Sorry, this user has been locked out.", "expected": "Epic sadface: Sorry, this user has been locked out."}
[2026-06-11T12:42:08] [INFO] ✅ Validation Passed: Login error message matches expected value
[2026-06-11T12:42:08] [INFO] [LoginPage] Navigation successful | {"attempt": 1}
[2026-06-11T12:42:08] [INFO] Step: Inserting user credentials | {"username": ""}
[2026-06-11T12:42:09] [INFO] Step: Submitting login form
[2026-06-11T12:42:09] [INFO] Step: Validating login error message
[2026-06-11T12:42:09] [INFO] Validating login error message | {"actual": "Epic sadface: Password is required", "expected": "Epic sadface: Password is required"}
[2026-06-11T12:42:09] [INFO] ✅ Validation Passed: Login error message matches expected value
[2026-06-11T12:42:10] [INFO] Step: Submitting login form
[2026-06-11T12:42:10] [INFO] Step: Submitting login form
[2026-06-11T12:42:10] [INFO] Step: Submitting login form
[2026-06-11T12:42:10] [INFO] Step: Validating login error message
[2026-06-11T12:42:10] [INFO] Step: Validating login error message
[2026-06-11T12:42:10] [INFO] Validating login error message | {"actual": "Epic sadface: Username and password do not match any user in this service", "expected": "Epic sadface: Username and password do not match any user in this service"}
[2026-06-11T12:42:10] [INFO] Validating login error message | {"actual": "Epic sadface: Username and password do not match any user in this service", "expected": "Epic sadface: Username and password do not match any user in this service"}
[2026-06-11T12:42:10] [INFO] ✅ Validation Passed: Login error message matches expected value
[2026-06-11T12:42:10] [INFO] ✅ Validation Passed: Login error message matches expected value
[2026-06-11T12:42:10] [INFO] Step: Validating login error message
[2026-06-11T12:42:10] [INFO] Validating login error message | {"actual": "Epic sadface: Username is required", "expected": "Epic sadface: Username is required"}
[2026-06-11T12:42:10] [INFO] ✅ Validation Passed: Login error message matches expected value
[2026-06-11T12:42:13] [INFO] Step: Navigating to login page
[2026-06-11T12:42:13] [INFO] [LoginPage] Navigation attempt 1/3 | {"url": "https://www.saucedemo.com/"}
[2026-06-11T12:42:14] [INFO] [LoginPage] Navigation successful | {"attempt": 1}
[2026-06-11T12:42:14] [INFO] Step: Inserting user credentials | {"username": "prasad"}
[2026-06-11T12:42:14] [INFO] Step: Navigating to login page
[2026-06-11T12:42:14] [INFO] [LoginPage] Navigation attempt 1/3 | {"url": "https://www.saucedemo.com/"}
[2026-06-11T12:42:15] [INFO] Step: Submitting login form
[2026-06-11T12:42:16] [INFO] Step: Validating login error message
[2026-06-11T12:42:16] [INFO] Validating login error message | {"actual": "Epic sadface: Username and password do not match any user in this service", "expected": "Epic sadface: Username and password do not match any user in this service"}
[2026-06-11T12:42:16] [INFO] ✅ Validation Passed: Login error message matches expected value
[2026-06-11T12:42:16] [INFO] Step: Navigating to login page
[2026-06-11T12:42:16] [INFO] [LoginPage] Navigation attempt 1/3 | {"url": "https://www.saucedemo.com/"}
[2026-06-11T12:42:17] [INFO] [LoginPage] Navigation successful | {"attempt": 1}
[2026-06-11T12:42:17] [INFO] Step: Inserting user credentials | {"username": "problem_user"}
[2026-06-11T12:42:18] [INFO] Step: Submitting login form
[2026-06-11T12:42:18] [INFO] Step: Validating login error message
[2026-06-11T12:42:18] [INFO] Validating login error message | {"actual": "Epic sadface: Password is required", "expected": "Epic sadface: Password is required"}
[2026-06-11T12:42:18] [INFO] ✅ Validation Passed: Login error message matches expected value
[2026-06-11T12:42:19] [INFO] Step: Navigating to login page
[2026-06-11T12:42:19] [INFO] [LoginPage] Navigation attempt 1/3 | {"url": "https://www.saucedemo.com/"}
[2026-06-11T12:42:19] [INFO] [LoginPage] Navigation successful | {"attempt": 1}
[2026-06-11T12:42:19] [INFO] Step: Inserting user credentials | {"username": "problem_user"}
[2026-06-11T12:42:20] [INFO] Step: Submitting login form
[2026-06-11T12:42:20] [INFO] Step: Validating login error message
[2026-06-11T12:42:20] [INFO] Validating login error message | {"actual": "Epic sadface: Username and password do not match any user in this service", "expected": "Epic sadface: Username and password do not match any user in this service"}
[2026-06-11T12:42:20] [INFO] ✅ Validation Passed: Login error message matches expected value
[2026-06-11T12:42:21] [INFO] Step: Navigating to login page
[2026-06-11T12:42:21] [INFO] [LoginPage] Navigation attempt 1/3 | {"url": "https://www.saucedemo.com/"}
[2026-06-11T12:42:21] [INFO] [LoginPage] Navigation successful | {"attempt": 1}
[2026-06-11T12:42:21] [INFO] Step: Inserting user credentials | {"username": ""}
[2026-06-11T12:42:22] [INFO] Step: Submitting login form
[2026-06-11T12:42:22] [INFO] Step: Validating login error message
[2026-06-11T12:42:22] [INFO] Validating login error message | {"actual": "Epic sadface: Username is required", "expected": "Epic sadface: Username is required"}
[2026-06-11T12:42:22] [INFO] ✅ Validation Passed: Login error message matches expected value
[2026-06-11T12:42:22] [INFO] [LoginPage] Navigation successful | {"attempt": 1}
[2026-06-11T12:42:22] [INFO] Step: Inserting user credentials | {"username": "locked_out_user"}
[2026-06-11T12:42:23] [INFO] Step: Submitting login form
[2026-06-11T12:42:23] [INFO] Step: Validating login error message
[2026-06-11T12:42:23] [INFO] Validating login error message | {"actual": "Epic sadface: Sorry, this user has been locked out.", "expected": "Epic sadface: Sorry, this user has been locked out."}
[2026-06-11T12:42:23] [INFO] ✅ Validation Passed: Login error message matches expected value
[2026-06-11T12:45:24] [INFO] 
========== TEST RUN STARTED: 2026-06-11T07:15:24.715364Z ==========

[2026-06-11T12:45:24] [INFO] ✅ Environment validation successful
[2026-06-11T12:45:26] [INFO] 
========== TEST RUN STARTED: 2026-06-11T07:15:26.710485Z ==========

[2026-06-11T12:45:27] [INFO] ✅ Environment validation successful
[2026-06-11T12:45:27] [INFO] 
========== TEST RUN STARTED: 2026-06-11T07:15:27.070524Z ==========

[2026-06-11T12:45:27] [INFO] 
========== TEST RUN STARTED: 2026-06-11T07:15:27.325533Z ==========

[2026-06-11T12:45:27] [INFO] ✅ Environment validation successful
[2026-06-11T12:45:27] [INFO] ✅ Environment validation successful
[2026-06-11T12:45:27] [INFO] 
========== TEST RUN STARTED: 2026-06-11T07:15:27.662994Z ==========

[2026-06-11T12:45:27] [INFO] ✅ Environment validation successful
[2026-06-11T12:45:28] [INFO] 
========== TEST RUN STARTED: 2026-06-11T07:15:28.129908Z ==========

[2026-06-11T12:45:28] [INFO] 
========== TEST RUN STARTED: 2026-06-11T07:15:28.135277Z ==========

[2026-06-11T12:45:28] [INFO] ✅ Environment validation successful
[2026-06-11T12:45:28] [INFO] ✅ Environment validation successful
[2026-06-11T12:45:28] [INFO] 
========== TEST RUN STARTED: 2026-06-11T07:15:28.400951Z ==========

[2026-06-11T12:45:28] [INFO] 
========== TEST RUN STARTED: 2026-06-11T07:15:28.536308Z ==========

[2026-06-11T12:45:28] [INFO] ✅ Environment validation successful
[2026-06-11T12:45:28] [INFO] ✅ Environment validation successful
[2026-06-11T12:45:31] [INFO] Step: Navigating to login page
[2026-06-11T12:45:31] [INFO] [LoginPage] Navigation attempt 1/3 | {"url": "https://www.saucedemo.com/"}
[2026-06-11T12:45:31] [INFO] Step: Navigating to login page
[2026-06-11T12:45:31] [INFO] [LoginPage] Navigation attempt 1/3 | {"url": "https://www.saucedemo.com/"}
[2026-06-11T12:45:31] [INFO] Step: Navigating to login page
[2026-06-11T12:45:31] [INFO] [LoginPage] Navigation attempt 1/3 | {"url": "https://www.saucedemo.com/"}
[2026-06-11T12:45:31] [INFO] Step: Navigating to login page
[2026-06-11T12:45:31] [INFO] [LoginPage] Navigation attempt 1/3 | {"url": "https://www.saucedemo.com/"}
[2026-06-11T12:45:31] [INFO] Step: Navigating to login page
[2026-06-11T12:45:31] [INFO] Step: Executing Bank Transaction API Request | {"title": "AML Alert", "userId": 1}
[2026-06-11T12:45:31] [INFO] API POST Request initiated | {"url": "https://jsonplaceholder.typicode.com/posts", "body": {"title": "AML Alert", "body": "AML Compliance Alert Triggered", "userId": 1}}
[2026-06-11T12:45:31] [INFO] [LoginPage] Navigation attempt 1/3 | {"url": "https://www.saucedemo.com/"}
[2026-06-11T12:45:32] [INFO] [LoginPage] Navigation successful | {"attempt": 1}
[2026-06-11T12:45:32] [INFO] Step: Inserting user credentials | {"username": "problem_user"}
[2026-06-11T12:45:32] [INFO] [LoginPage] Navigation successful | {"attempt": 1}
[2026-06-11T12:45:32] [INFO] Step: Inserting user credentials | {"username": ""}
[2026-06-11T12:45:32] [INFO] [LoginPage] Navigation successful | {"attempt": 1}
[2026-06-11T12:45:32] [INFO] Step: Inserting user credentials | {"username": "locked_out_user"}
[2026-06-11T12:45:32] [INFO] [LoginPage] Navigation successful | {"attempt": 1}
[2026-06-11T12:45:32] [INFO] Step: Inserting user credentials | {"username": "problem_user"}
[2026-06-11T12:45:32] [INFO] Step: Submitting login form
[2026-06-11T12:45:32] [INFO] Step: Validating login error message
[2026-06-11T12:45:32] [INFO] Step: Submitting login form
[2026-06-11T12:45:32] [INFO] Step: Submitting login form
[2026-06-11T12:45:32] [INFO] Validating login error message | {"actual": "Epic sadface: Password is required", "expected": "Epic sadface: Password is required"}
[2026-06-11T12:45:32] [INFO] ✅ Validation Passed: Login error message matches expected value
[2026-06-11T12:45:32] [INFO] Step: Submitting login form
[2026-06-11T12:45:32] [INFO] Step: Validating login error message
[2026-06-11T12:45:32] [INFO] Step: Validating login error message
[2026-06-11T12:45:32] [INFO] Validating login error message | {"actual": "Epic sadface: Username is required", "expected": "Epic sadface: Username is required"}
[2026-06-11T12:45:32] [INFO] ✅ Validation Passed: Login error message matches expected value
[2026-06-11T12:45:32] [INFO] Validating login error message | {"actual": "Epic sadface: Sorry, this user has been locked out.", "expected": "Epic sadface: Sorry, this user has been locked out."}
[2026-06-11T12:45:32] [INFO] ✅ Validation Passed: Login error message matches expected value
[2026-06-11T12:45:32] [INFO] Step: Validating login error message
[2026-06-11T12:45:32] [INFO] [LoginPage] Navigation successful | {"attempt": 1}
[2026-06-11T12:45:32] [INFO] Step: Inserting user credentials | {"username": "prasad"}
[2026-06-11T12:45:32] [INFO] Validating login error message | {"actual": "Epic sadface: Username and password do not match any user in this service", "expected": "Epic sadface: Username and password do not match any user in this service"}
[2026-06-11T12:45:32] [INFO] ✅ Validation Passed: Login error message matches expected value
[2026-06-11T12:45:33] [INFO] Step: Submitting login form
[2026-06-11T12:45:33] [INFO] Step: Validating login error message
[2026-06-11T12:45:33] [INFO] Validating login error message | {"actual": "Epic sadface: Username and password do not match any user in this service", "expected": "Epic sadface: Username and password do not match any user in this service"}
[2026-06-11T12:45:33] [INFO] ✅ Validation Passed: Login error message matches expected value
[2026-06-11T12:45:34] [INFO] API POST Response received | {"duration": "2477.65ms", "status": 201}
[2026-06-11T12:45:34] [INFO] Step: Validating API HTTP Status | {"actual": 201, "expected": 201}
[2026-06-11T12:45:34] [INFO] Validating HTTP status code | {"actual": 201, "expected": 201}
[2026-06-11T12:45:34] [INFO] ✅ Validation Passed: API Status matches
[2026-06-11T12:45:34] [INFO] Step: Validating transaction ID | {"id": 101}
[2026-06-11T12:45:34] [INFO] Validating transaction ID format | {"id": 101}
[2026-06-11T12:45:34] [INFO] ✅ Validation Passed: Transaction ID is valid and numeric
[2026-06-11T12:45:35] [INFO] Step: Navigating to login page
[2026-06-11T12:45:35] [INFO] [LoginPage] Navigation attempt 1/3 | {"url": "https://www.saucedemo.com/"}
[2026-06-11T12:45:36] [INFO] [LoginPage] Navigation successful | {"attempt": 1}
[2026-06-11T12:45:36] [INFO] Step: Inserting user credentials | {"username": "problem_user"}
[2026-06-11T12:45:37] [INFO] Step: Navigating to login page
[2026-06-11T12:45:37] [INFO] [LoginPage] Navigation attempt 1/3 | {"url": "https://www.saucedemo.com/"}
[2026-06-11T12:45:37] [INFO] Step: Submitting login form
[2026-06-11T12:45:37] [INFO] Step: Validating login error message
[2026-06-11T12:45:37] [INFO] Validating login error message | {"actual": "Epic sadface: Username and password do not match any user in this service", "expected": "Epic sadface: Username and password do not match any user in this service"}
[2026-06-11T12:45:37] [INFO] ✅ Validation Passed: Login error message matches expected value
[2026-06-11T12:45:39] [INFO] [LoginPage] Navigation successful | {"attempt": 1}
[2026-06-11T12:45:39] [INFO] Step: Inserting user credentials | {"username": "prasad"}
[2026-06-11T12:45:39] [INFO] Step: Navigating to login page
[2026-06-11T12:45:39] [INFO] [LoginPage] Navigation attempt 1/3 | {"url": "https://www.saucedemo.com/"}
[2026-06-11T12:45:40] [INFO] Step: Submitting login form
[2026-06-11T12:45:40] [INFO] Step: Validating login error message
[2026-06-11T12:45:40] [INFO] Validating login error message | {"actual": "Epic sadface: Username and password do not match any user in this service", "expected": "Epic sadface: Username and password do not match any user in this service"}
[2026-06-11T12:45:40] [INFO] ✅ Validation Passed: Login error message matches expected value
[2026-06-11T12:45:41] [INFO] [LoginPage] Navigation successful | {"attempt": 1}
[2026-06-11T12:45:41] [INFO] Step: Inserting user credentials | {"username": "locked_out_user"}
[2026-06-11T12:45:42] [INFO] Step: Navigating to login page
[2026-06-11T12:45:42] [INFO] [LoginPage] Navigation attempt 1/3 | {"url": "https://www.saucedemo.com/"}
[2026-06-11T12:45:42] [INFO] Step: Submitting login form
[2026-06-11T12:45:42] [INFO] Step: Validating login error message
[2026-06-11T12:45:42] [INFO] Validating login error message | {"actual": "Epic sadface: Sorry, this user has been locked out.", "expected": "Epic sadface: Sorry, this user has been locked out."}
[2026-06-11T12:45:42] [INFO] ✅ Validation Passed: Login error message matches expected value
[2026-06-11T12:45:43] [INFO] Step: Navigating to login page
[2026-06-11T12:45:43] [INFO] [LoginPage] Navigation attempt 1/3 | {"url": "https://www.saucedemo.com/"}
[2026-06-11T12:45:43] [INFO] [LoginPage] Navigation successful | {"attempt": 1}
[2026-06-11T12:45:43] [INFO] Step: Inserting user credentials | {"username": "problem_user"}
[2026-06-11T12:45:44] [INFO] Step: Submitting login form
[2026-06-11T12:45:44] [INFO] Step: Validating login error message
[2026-06-11T12:45:44] [INFO] Validating login error message | {"actual": "Epic sadface: Password is required", "expected": "Epic sadface: Password is required"}
[2026-06-11T12:45:44] [INFO] ✅ Validation Passed: Login error message matches expected value
[2026-06-11T12:45:44] [INFO] [LoginPage] Navigation successful | {"attempt": 1}
[2026-06-11T12:45:44] [INFO] Step: Inserting user credentials | {"username": ""}
[2026-06-11T12:45:45] [INFO] Step: Submitting login form
[2026-06-11T12:45:45] [INFO] Step: Validating login error message
[2026-06-11T12:45:45] [INFO] Validating login error message | {"actual": "Epic sadface: Username is required", "expected": "Epic sadface: Username is required"}
[2026-06-11T12:45:45] [INFO] ✅ Validation Passed: Login error message matches expected value
[2026-06-11T13:25:52] [INFO] 
========== TEST RUN STARTED: 2026-06-11T07:55:52.304134Z ==========

[2026-06-11T13:25:52] [INFO] ✅ Environment validation successful
[2026-06-11T13:25:55] [INFO] 
========== TEST RUN STARTED: 2026-06-11T07:55:55.793928Z ==========

[2026-06-11T13:25:56] [INFO] 
========== TEST RUN STARTED: 2026-06-11T07:55:56.410440Z ==========

[2026-06-11T13:25:56] [INFO] ✅ Environment validation successful
[2026-06-11T13:25:56] [INFO] ✅ Environment validation successful
[2026-06-11T13:25:57] [INFO] 
========== TEST RUN STARTED: 2026-06-11T07:55:57.774211Z ==========

[2026-06-11T13:25:58] [INFO] 
========== TEST RUN STARTED: 2026-06-11T07:55:58.245949Z ==========

[2026-06-11T13:25:58] [INFO] ✅ Environment validation successful
[2026-06-11T13:25:58] [INFO] 
========== TEST RUN STARTED: 2026-06-11T07:55:58.669729Z ==========

[2026-06-11T13:25:58] [INFO] 
========== TEST RUN STARTED: 2026-06-11T07:55:58.859644Z ==========

[2026-06-11T13:25:59] [INFO] ✅ Environment validation successful
[2026-06-11T13:25:59] [INFO] ✅ Environment validation successful
[2026-06-11T13:25:59] [INFO] 
========== TEST RUN STARTED: 2026-06-11T07:55:59.652023Z ==========

[2026-06-11T13:25:59] [INFO] ✅ Environment validation successful
[2026-06-11T13:25:59] [INFO] 
========== TEST RUN STARTED: 2026-06-11T07:55:59.983701Z ==========

[2026-06-11T13:26:00] [INFO] ✅ Environment validation successful
[2026-06-11T13:26:00] [INFO] ✅ Environment validation successful
[2026-06-11T13:26:07] [INFO] Step: Executing Bank Transaction API Request | {"title": "AML Alert", "userId": 1}
[2026-06-11T13:26:07] [INFO] API POST Request initiated | {"url": "https://jsonplaceholder.typicode.com/posts", "body": {"title": "AML Alert", "body": "AML Compliance Alert Triggered", "userId": 1}}
[2026-06-11T13:26:08] [INFO] Step: Navigating to login page
[2026-06-11T13:26:08] [INFO] Step: Navigating to login page
[2026-06-11T13:26:08] [INFO] [LoginPage] Navigation attempt 1/3 | {"url": "https://www.saucedemo.com/"}
[2026-06-11T13:26:08] [INFO] Step: Navigating to login page
[2026-06-11T13:26:08] [INFO] [LoginPage] Navigation attempt 1/3 | {"url": "https://www.saucedemo.com/"}
[2026-06-11T13:26:08] [INFO] Step: Navigating to login page
[2026-06-11T13:26:08] [INFO] Step: Navigating to login page
[2026-06-11T13:26:08] [INFO] [LoginPage] Navigation attempt 1/3 | {"url": "https://www.saucedemo.com/"}
[2026-06-11T13:26:08] [INFO] [LoginPage] Navigation attempt 1/3 | {"url": "https://www.saucedemo.com/"}
[2026-06-11T13:26:08] [INFO] [LoginPage] Navigation attempt 1/3 | {"url": "https://www.saucedemo.com/"}
[2026-06-11T13:26:11] [INFO] API POST Response received | {"duration": "3634.48ms", "status": 201}
[2026-06-11T13:26:11] [INFO] Step: Validating API HTTP Status | {"actual": 201, "expected": 201}
[2026-06-11T13:26:11] [INFO] Validating HTTP status code | {"actual": 201, "expected": 201}
[2026-06-11T13:26:11] [INFO] ✅ Validation Passed: API Status matches
[2026-06-11T13:26:11] [INFO] Step: Validating transaction ID | {"id": 101}
[2026-06-11T13:26:11] [INFO] Validating transaction ID format | {"id": 101}
[2026-06-11T13:26:11] [INFO] ✅ Validation Passed: Transaction ID is valid and numeric
[2026-06-11T13:26:13] [INFO] [LoginPage] Navigation successful | {"attempt": 1}
[2026-06-11T13:26:13] [INFO] Step: Inserting user credentials | {"username": "locked_out_user"}
[2026-06-11T13:26:13] [INFO] [LoginPage] Navigation successful | {"attempt": 1}
[2026-06-11T13:26:13] [INFO] Step: Inserting user credentials | {"username": "prasad"}
[2026-06-11T13:26:13] [INFO] [LoginPage] Navigation successful | {"attempt": 1}
[2026-06-11T13:26:13] [INFO] [LoginPage] Navigation successful | {"attempt": 1}
[2026-06-11T13:26:13] [INFO] [LoginPage] Navigation successful | {"attempt": 1}
[2026-06-11T13:26:13] [INFO] Step: Inserting user credentials | {"username": ""}
[2026-06-11T13:26:13] [INFO] Step: Inserting user credentials | {"username": "problem_user"}
[2026-06-11T13:26:13] [INFO] Step: Inserting user credentials | {"username": "problem_user"}
[2026-06-11T13:26:16] [INFO] Step: Submitting login form
[2026-06-11T13:26:16] [INFO] Step: Submitting login form
[2026-06-11T13:26:16] [INFO] Step: Submitting login form
[2026-06-11T13:26:16] [INFO] Step: Submitting login form
[2026-06-11T13:26:16] [INFO] Step: Submitting login form
[2026-06-11T13:26:17] [INFO] Step: Validating login error message
[2026-06-11T13:26:17] [INFO] Step: Validating login error message
[2026-06-11T13:26:17] [INFO] Step: Validating login error message
[2026-06-11T13:26:17] [INFO] Validating login error message | {"actual": "Epic sadface: Sorry, this user has been locked out.", "expected": "Epic sadface: Sorry, this user has been locked out."}
[2026-06-11T13:26:17] [INFO] ✅ Validation Passed: Login error message matches expected value
[2026-06-11T13:26:17] [INFO] Step: Validating login error message
[2026-06-11T13:26:17] [INFO] Validating login error message | {"actual": "Epic sadface: Username and password do not match any user in this service", "expected": "Epic sadface: Username and password do not match any user in this service"}
[2026-06-11T13:26:17] [INFO] ✅ Validation Passed: Login error message matches expected value
[2026-06-11T13:26:17] [INFO] Step: Validating login error message
[2026-06-11T13:26:18] [INFO] Validating login error message | {"actual": "Epic sadface: Password is required", "expected": "Epic sadface: Password is required"}
[2026-06-11T13:26:18] [INFO] ✅ Validation Passed: Login error message matches expected value
[2026-06-11T13:26:18] [INFO] Validating login error message | {"actual": "Epic sadface: Username and password do not match any user in this service", "expected": "Epic sadface: Username and password do not match any user in this service"}
[2026-06-11T13:26:18] [INFO] ✅ Validation Passed: Login error message matches expected value
[2026-06-11T13:26:18] [INFO] Validating login error message | {"actual": "Epic sadface: Username is required", "expected": "Epic sadface: Username is required"}
[2026-06-11T13:26:18] [INFO] ✅ Validation Passed: Login error message matches expected value
[2026-06-11T13:26:21] [INFO] Step: Navigating to login page
[2026-06-11T13:26:21] [INFO] [LoginPage] Navigation attempt 1/3 | {"url": "https://www.saucedemo.com/"}
[2026-06-11T13:26:22] [INFO] Step: Navigating to login page
[2026-06-11T13:26:22] [INFO] [LoginPage] Navigation attempt 1/3 | {"url": "https://www.saucedemo.com/"}
[2026-06-11T13:26:24] [INFO] [LoginPage] Navigation successful | {"attempt": 1}
[2026-06-11T13:26:24] [INFO] Step: Inserting user credentials | {"username": "prasad"}
[2026-06-11T13:26:24] [INFO] [LoginPage] Navigation successful | {"attempt": 1}
[2026-06-11T13:26:24] [INFO] Step: Inserting user credentials | {"username": "problem_user"}
[2026-06-11T13:26:26] [INFO] Step: Submitting login form
[2026-06-11T13:26:26] [INFO] Step: Validating login error message
[2026-06-11T13:26:27] [INFO] Validating login error message | {"actual": "Epic sadface: Username and password do not match any user in this service", "expected": "Epic sadface: Username and password do not match any user in this service"}
[2026-06-11T13:26:27] [INFO] ✅ Validation Passed: Login error message matches expected value
[2026-06-11T13:26:27] [INFO] Step: Submitting login form
[2026-06-11T13:26:28] [INFO] Step: Validating login error message
[2026-06-11T13:26:28] [INFO] Validating login error message | {"actual": "Epic sadface: Username and password do not match any user in this service", "expected": "Epic sadface: Username and password do not match any user in this service"}
[2026-06-11T13:26:28] [INFO] ✅ Validation Passed: Login error message matches expected value
[2026-06-11T13:26:34] [INFO] Step: Navigating to login page
[2026-06-11T13:26:34] [INFO] [LoginPage] Navigation attempt 1/3 | {"url": "https://www.saucedemo.com/"}
[2026-06-11T13:26:36] [INFO] Step: Navigating to login page
[2026-06-11T13:26:36] [INFO] [LoginPage] Navigation attempt 1/3 | {"url": "https://www.saucedemo.com/"}
[2026-06-11T13:26:36] [INFO] [LoginPage] Navigation successful | {"attempt": 1}
[2026-06-11T13:26:36] [INFO] Step: Inserting user credentials | {"username": "problem_user"}
[2026-06-11T13:26:38] [INFO] Step: Submitting login form
[2026-06-11T13:26:38] [INFO] [LoginPage] Navigation successful | {"attempt": 1}
[2026-06-11T13:26:38] [INFO] Step: Inserting user credentials | {"username": ""}
[2026-06-11T13:26:38] [INFO] Step: Validating login error message
[2026-06-11T13:26:38] [INFO] Validating login error message | {"actual": "Epic sadface: Password is required", "expected": "Epic sadface: Password is required"}
[2026-06-11T13:26:38] [INFO] ✅ Validation Passed: Login error message matches expected value
[2026-06-11T13:26:39] [INFO] Step: Navigating to login page
[2026-06-11T13:26:39] [INFO] [LoginPage] Navigation attempt 1/3 | {"url": "https://www.saucedemo.com/"}
[2026-06-11T13:26:40] [INFO] Step: Submitting login form
[2026-06-11T13:26:41] [INFO] Step: Validating login error message
[2026-06-11T13:26:41] [INFO] Validating login error message | {"actual": "Epic sadface: Username is required", "expected": "Epic sadface: Username is required"}
[2026-06-11T13:26:41] [INFO] ✅ Validation Passed: Login error message matches expected value
[2026-06-11T13:26:43] [INFO] [LoginPage] Navigation successful | {"attempt": 1}
[2026-06-11T13:26:43] [INFO] Step: Inserting user credentials | {"username": "locked_out_user"}
[2026-06-11T13:26:44] [INFO] Step: Submitting login form
[2026-06-11T13:26:45] [INFO] Step: Validating login error message
[2026-06-11T13:26:45] [INFO] Validating login error message | {"actual": "Epic sadface: Sorry, this user has been locked out.", "expected": "Epic sadface: Sorry, this user has been locked out."}
[2026-06-11T13:26:45] [INFO] ✅ Validation Passed: Login error message matches expected value
[2026-06-11T13:28:57] [INFO] 
========== TEST RUN STARTED: 2026-06-11T07:58:57.349083Z ==========

[2026-06-11T13:28:57] [INFO] ✅ Environment validation successful
[2026-06-11T13:29:00] [INFO] 
========== TEST RUN STARTED: 2026-06-11T07:59:00.181553Z ==========

[2026-06-11T13:29:00] [INFO] 
========== TEST RUN STARTED: 2026-06-11T07:59:00.498232Z ==========

[2026-06-11T13:29:00] [INFO] 
========== TEST RUN STARTED: 2026-06-11T07:59:00.989290Z ==========

[2026-06-11T13:29:01] [INFO] ✅ Environment validation successful
[2026-06-11T13:29:01] [INFO] ✅ Environment validation successful
[2026-06-11T13:29:02] [INFO] ✅ Environment validation successful
[2026-06-11T13:29:02] [INFO] 
========== TEST RUN STARTED: 2026-06-11T07:59:02.442657Z ==========

[2026-06-11T13:29:02] [INFO] 
========== TEST RUN STARTED: 2026-06-11T07:59:02.560719Z ==========

[2026-06-11T13:29:02] [INFO] ✅ Environment validation successful
[2026-06-11T13:29:02] [INFO] ✅ Environment validation successful
[2026-06-11T13:29:03] [INFO] 
========== TEST RUN STARTED: 2026-06-11T07:59:03.046756Z ==========

[2026-06-11T13:29:03] [INFO] 
========== TEST RUN STARTED: 2026-06-11T07:59:03.168474Z ==========

[2026-06-11T13:29:03] [INFO] 
========== TEST RUN STARTED: 2026-06-11T07:59:03.390387Z ==========

[2026-06-11T13:29:03] [INFO] ✅ Environment validation successful
[2026-06-11T13:29:03] [INFO] ✅ Environment validation successful
[2026-06-11T13:29:03] [INFO] ✅ Environment validation successful
[2026-06-11T13:29:07] [INFO] Step: Navigating to login page
[2026-06-11T13:29:07] [INFO] [LoginPage] Navigation attempt 1/3 | {"url": "https://www.saucedemo.com/"}
[2026-06-11T13:29:07] [INFO] Step: Executing Bank Transaction API Request | {"title": "AML Alert", "userId": 1}
[2026-06-11T13:29:07] [INFO] API POST Request initiated | {"url": "https://jsonplaceholder.typicode.com/posts", "body": {"title": "AML Alert", "body": "AML Compliance Alert Triggered", "userId": 1}}
[2026-06-11T13:29:08] [INFO] Step: Navigating to login page
[2026-06-11T13:29:08] [INFO] [LoginPage] Navigation attempt 1/3 | {"url": "https://www.saucedemo.com/"}
[2026-06-11T13:29:08] [INFO] Step: Navigating to login page
[2026-06-11T13:29:08] [INFO] [LoginPage] Navigation attempt 1/3 | {"url": "https://www.saucedemo.com/"}
[2026-06-11T13:29:08] [INFO] Step: Navigating to login page
[2026-06-11T13:29:08] [INFO] [LoginPage] Navigation attempt 1/3 | {"url": "https://www.saucedemo.com/"}
[2026-06-11T13:29:08] [INFO] Step: Navigating to login page
[2026-06-11T13:29:08] [INFO] [LoginPage] Navigation attempt 1/3 | {"url": "https://www.saucedemo.com/"}
[2026-06-11T13:29:08] [INFO] [LoginPage] Navigation successful | {"attempt": 1}
[2026-06-11T13:29:08] [INFO] Step: Inserting user credentials | {"username": "locked_out_user"}
[2026-06-11T13:29:09] [INFO] [LoginPage] Navigation successful | {"attempt": 1}
[2026-06-11T13:29:09] [INFO] Step: Inserting user credentials | {"username": "problem_user"}
[2026-06-11T13:29:09] [INFO] [LoginPage] Navigation successful | {"attempt": 1}
[2026-06-11T13:29:09] [INFO] Step: Inserting user credentials | {"username": "prasad"}
[2026-06-11T13:29:09] [INFO] [LoginPage] Navigation successful | {"attempt": 1}
[2026-06-11T13:29:09] [INFO] Step: Inserting user credentials | {"username": ""}
[2026-06-11T13:29:09] [INFO] [LoginPage] Navigation successful | {"attempt": 1}
[2026-06-11T13:29:09] [INFO] Step: Inserting user credentials | {"username": "problem_user"}
[2026-06-11T13:29:10] [INFO] API POST Response received | {"duration": "2896.12ms", "status": 201}
[2026-06-11T13:29:11] [INFO] Step: Validating API HTTP Status | {"actual": 201, "expected": 201}
[2026-06-11T13:29:11] [INFO] Validating HTTP status code | {"actual": 201, "expected": 201}
[2026-06-11T13:29:11] [INFO] ✅ Validation Passed: API Status matches
[2026-06-11T13:29:11] [INFO] Step: Validating transaction ID | {"id": 101}
[2026-06-11T13:29:11] [INFO] Validating transaction ID format | {"id": 101}
[2026-06-11T13:29:11] [INFO] ✅ Validation Passed: Transaction ID is valid and numeric
[2026-06-11T13:29:11] [INFO] Step: Submitting login form
[2026-06-11T13:29:11] [INFO] Step: Submitting login form
[2026-06-11T13:29:11] [INFO] Step: Submitting login form
[2026-06-11T13:29:11] [INFO] Step: Submitting login form
[2026-06-11T13:29:11] [INFO] Step: Submitting login form
[2026-06-11T13:29:11] [INFO] Step: Validating login error message
[2026-06-11T13:29:12] [INFO] Step: Validating login error message
[2026-06-11T13:29:12] [INFO] Step: Validating login error message
[2026-06-11T13:29:12] [INFO] Step: Validating login error message
[2026-06-11T13:29:12] [INFO] Validating login error message | {"actual": "Epic sadface: Username and password do not match any user in this service", "expected": "Epic sadface: Username and password do not match any user in this service"}
[2026-06-11T13:29:12] [INFO] ✅ Validation Passed: Login error message matches expected value
[2026-06-11T13:29:12] [INFO] Validating login error message | {"actual": "Epic sadface: Username is required", "expected": "Epic sadface: Username is required"}
[2026-06-11T13:29:12] [INFO] ✅ Validation Passed: Login error message matches expected value
[2026-06-11T13:29:12] [INFO] Validating login error message | {"actual": "Epic sadface: Sorry, this user has been locked out.", "expected": "Epic sadface: Sorry, this user has been locked out."}
[2026-06-11T13:29:12] [INFO] ✅ Validation Passed: Login error message matches expected value
[2026-06-11T13:29:12] [INFO] Validating login error message | {"actual": "Epic sadface: Username and password do not match any user in this service", "expected": "Epic sadface: Username and password do not match any user in this service"}
[2026-06-11T13:29:12] [INFO] Validating login error message | {"actual": "Epic sadface: Password is required", "expected": "Epic sadface: Password is required"}
[2026-06-11T13:29:12] [INFO] ✅ Validation Passed: Login error message matches expected value
[2026-06-11T13:29:12] [INFO] ✅ Validation Passed: Login error message matches expected value
[2026-06-11T13:29:13] [INFO] Step: Navigating to login page
[2026-06-11T13:29:13] [INFO] [LoginPage] Navigation attempt 1/3 | {"url": "https://www.saucedemo.com/"}
[2026-06-11T13:29:15] [INFO] [LoginPage] Navigation successful | {"attempt": 1}
[2026-06-11T13:29:15] [INFO] Step: Inserting user credentials | {"username": "prasad"}
[2026-06-11T13:29:15] [INFO] Step: Navigating to login page
[2026-06-11T13:29:15] [INFO] [LoginPage] Navigation attempt 1/3 | {"url": "https://www.saucedemo.com/"}
[2026-06-11T13:29:16] [INFO] Step: Submitting login form
[2026-06-11T13:29:16] [INFO] Step: Validating login error message
[2026-06-11T13:29:17] [INFO] Validating login error message | {"actual": "Epic sadface: Username and password do not match any user in this service", "expected": "Epic sadface: Username and password do not match any user in this service"}
[2026-06-11T13:29:17] [INFO] ✅ Validation Passed: Login error message matches expected value
[2026-06-11T13:29:18] [INFO] [LoginPage] Navigation successful | {"attempt": 1}
[2026-06-11T13:29:18] [INFO] Step: Inserting user credentials | {"username": "problem_user"}
[2026-06-11T13:29:20] [INFO] Step: Submitting login form
[2026-06-11T13:29:21] [INFO] Step: Validating login error message
[2026-06-11T13:29:21] [INFO] Validating login error message | {"actual": "Epic sadface: Username and password do not match any user in this service", "expected": "Epic sadface: Username and password do not match any user in this service"}
[2026-06-11T13:29:21] [INFO] ✅ Validation Passed: Login error message matches expected value
[2026-06-11T13:29:22] [INFO] Step: Navigating to login page
[2026-06-11T13:29:22] [INFO] [LoginPage] Navigation attempt 1/3 | {"url": "https://www.saucedemo.com/"}
[2026-06-11T13:29:24] [INFO] Step: Navigating to login page
[2026-06-11T13:29:24] [INFO] [LoginPage] Navigation attempt 1/3 | {"url": "https://www.saucedemo.com/"}
[2026-06-11T13:29:25] [INFO] [LoginPage] Navigation successful | {"attempt": 1}
[2026-06-11T13:29:25] [INFO] Step: Inserting user credentials | {"username": "problem_user"}
[2026-06-11T13:29:26] [INFO] Step: Submitting login form
[2026-06-11T13:29:27] [INFO] [LoginPage] Navigation successful | {"attempt": 1}
[2026-06-11T13:29:27] [INFO] Step: Inserting user credentials | {"username": "locked_out_user"}
[2026-06-11T13:29:27] [INFO] Step: Validating login error message
[2026-06-11T13:29:27] [INFO] Validating login error message | {"actual": "Epic sadface: Password is required", "expected": "Epic sadface: Password is required"}
[2026-06-11T13:29:27] [INFO] ✅ Validation Passed: Login error message matches expected value
[2026-06-11T13:29:29] [INFO] Step: Submitting login form
[2026-06-11T13:29:29] [INFO] Step: Validating login error message
[2026-06-11T13:29:30] [INFO] Validating login error message | {"actual": "Epic sadface: Sorry, this user has been locked out.", "expected": "Epic sadface: Sorry, this user has been locked out."}
[2026-06-11T13:29:30] [INFO] ✅ Validation Passed: Login error message matches expected value
[2026-06-11T13:29:37] [INFO] Step: Navigating to login page
[2026-06-11T13:29:37] [INFO] [LoginPage] Navigation attempt 1/3 | {"url": "https://www.saucedemo.com/"}
[2026-06-11T13:29:39] [INFO] [LoginPage] Navigation successful | {"attempt": 1}
[2026-06-11T13:29:39] [INFO] Step: Inserting user credentials | {"username": ""}
[2026-06-11T13:29:40] [INFO] Step: Submitting login form
[2026-06-11T13:29:40] [INFO] Step: Validating login error message
[2026-06-11T13:29:41] [INFO] Validating login error message | {"actual": "Epic sadface: Username is required", "expected": "Epic sadface: Username is required"}
[2026-06-11T13:29:41] [INFO] ✅ Validation Passed: Login error message matches expected value
[2026-06-11T13:32:08] [INFO] 
========== TEST RUN STARTED: 2026-06-11T08:02:08.812144Z ==========

[2026-06-11T13:32:09] [INFO] ✅ Environment validation successful
[2026-06-11T13:32:11] [INFO] 
========== TEST RUN STARTED: 2026-06-11T08:02:11.661812Z ==========

[2026-06-11T13:32:12] [INFO] 
========== TEST RUN STARTED: 2026-06-11T08:02:12.115355Z ==========

[2026-06-11T13:32:12] [INFO] ✅ Environment validation successful
[2026-06-11T13:32:12] [INFO] ✅ Environment validation successful
[2026-06-11T13:32:12] [INFO] 
========== TEST RUN STARTED: 2026-06-11T08:02:12.938513Z ==========

[2026-06-11T13:32:13] [INFO] 
========== TEST RUN STARTED: 2026-06-11T08:02:13.139341Z ==========

[2026-06-11T13:32:13] [INFO] ✅ Environment validation successful
[2026-06-11T13:32:13] [INFO] ✅ Environment validation successful
[2026-06-11T13:32:13] [INFO] 
========== TEST RUN STARTED: 2026-06-11T08:02:13.969501Z ==========

[2026-06-11T13:32:14] [INFO] 
========== TEST RUN STARTED: 2026-06-11T08:02:14.200790Z ==========

[2026-06-11T13:32:14] [INFO] ✅ Environment validation successful
[2026-06-11T13:32:14] [INFO] 
========== TEST RUN STARTED: 2026-06-11T08:02:14.527355Z ==========

[2026-06-11T13:32:14] [INFO] ✅ Environment validation successful
[2026-06-11T13:32:14] [INFO] 
========== TEST RUN STARTED: 2026-06-11T08:02:14.741186Z ==========

[2026-06-11T13:32:14] [INFO] ✅ Environment validation successful
[2026-06-11T13:32:15] [INFO] ✅ Environment validation successful
[2026-06-11T13:32:19] [INFO] Step: Navigating to login page
[2026-06-11T13:32:19] [INFO] [LoginPage] Navigation attempt 1/3 | {"url": "https://www.saucedemo.com/"}
[2026-06-11T13:32:19] [INFO] Step: Navigating to login page
[2026-06-11T13:32:19] [INFO] [LoginPage] Navigation attempt 1/3 | {"url": "https://www.saucedemo.com/"}
[2026-06-11T13:32:20] [INFO] Step: Executing Bank Transaction API Request | {"title": "AML Alert", "userId": 1}
[2026-06-11T13:32:20] [INFO] API POST Request initiated | {"url": "https://jsonplaceholder.typicode.com/posts", "body": {"title": "AML Alert", "body": "AML Compliance Alert Triggered", "userId": 1}}
[2026-06-11T13:32:20] [INFO] [LoginPage] Navigation successful | {"attempt": 1}
[2026-06-11T13:32:20] [INFO] Step: Inserting user credentials | {"username": ""}
[2026-06-11T13:32:20] [INFO] [LoginPage] Navigation successful | {"attempt": 1}
[2026-06-11T13:32:20] [INFO] Step: Inserting user credentials | {"username": "problem_user"}
[2026-06-11T13:32:20] [INFO] Step: Submitting login form
[2026-06-11T13:32:21] [INFO] Step: Validating login error message
[2026-06-11T13:32:21] [INFO] Step: Submitting login form
[2026-06-11T13:32:21] [INFO] Validating login error message | {"actual": "Epic sadface: Username is required", "expected": "Epic sadface: Username is required"}
[2026-06-11T13:32:21] [INFO] ✅ Validation Passed: Login error message matches expected value
[2026-06-11T13:32:21] [INFO] Step: Validating login error message
[2026-06-11T13:32:21] [INFO] Validating login error message | {"actual": "Epic sadface: Password is required", "expected": "Epic sadface: Password is required"}
[2026-06-11T13:32:21] [INFO] ✅ Validation Passed: Login error message matches expected value
[2026-06-11T13:32:21] [INFO] Step: Navigating to login page
[2026-06-11T13:32:21] [INFO] [LoginPage] Navigation attempt 1/3 | {"url": "https://www.saucedemo.com/"}
[2026-06-11T13:32:22] [INFO] API POST Response received | {"duration": "1965.29ms", "status": 201}
[2026-06-11T13:32:22] [INFO] Step: Validating API HTTP Status | {"actual": 201, "expected": 201}
[2026-06-11T13:32:22] [INFO] Validating HTTP status code | {"actual": 201, "expected": 201}
[2026-06-11T13:32:22] [INFO] ✅ Validation Passed: API Status matches
[2026-06-11T13:32:22] [INFO] Step: Validating transaction ID | {"id": 101}
[2026-06-11T13:32:22] [INFO] Validating transaction ID format | {"id": 101}
[2026-06-11T13:32:22] [INFO] ✅ Validation Passed: Transaction ID is valid and numeric
[2026-06-11T13:32:22] [INFO] [LoginPage] Navigation successful | {"attempt": 1}
[2026-06-11T13:32:22] [INFO] Step: Inserting user credentials | {"username": "prasad"}
[2026-06-11T13:32:23] [INFO] Step: Navigating to login page
[2026-06-11T13:32:23] [INFO] [LoginPage] Navigation attempt 1/3 | {"url": "https://www.saucedemo.com/"}
[2026-06-11T13:32:23] [INFO] Step: Submitting login form
[2026-06-11T13:32:23] [INFO] Step: Validating login error message
[2026-06-11T13:32:23] [INFO] Validating login error message | {"actual": "Epic sadface: Username and password do not match any user in this service", "expected": "Epic sadface: Username and password do not match any user in this service"}
[2026-06-11T13:32:23] [INFO] ✅ Validation Passed: Login error message matches expected value
[2026-06-11T13:32:24] [INFO] [LoginPage] Navigation successful | {"attempt": 1}
[2026-06-11T13:32:24] [INFO] Step: Inserting user credentials | {"username": "locked_out_user"}
[2026-06-11T13:32:24] [INFO] Step: Navigating to login page
[2026-06-11T13:32:24] [INFO] [LoginPage] Navigation attempt 1/3 | {"url": "https://www.saucedemo.com/"}
[2026-06-11T13:32:25] [INFO] Step: Submitting login form
[2026-06-11T13:32:25] [INFO] [LoginPage] Navigation successful | {"attempt": 1}
[2026-06-11T13:32:25] [INFO] Step: Inserting user credentials | {"username": "problem_user"}
[2026-06-11T13:32:25] [INFO] Step: Validating login error message
[2026-06-11T13:32:25] [INFO] Validating login error message | {"actual": "Epic sadface: Sorry, this user has been locked out.", "expected": "Epic sadface: Sorry, this user has been locked out."}
[2026-06-11T13:32:25] [INFO] ✅ Validation Passed: Login error message matches expected value
[2026-06-11T13:32:26] [INFO] Step: Submitting login form
[2026-06-11T13:32:26] [INFO] Step: Validating login error message
[2026-06-11T13:32:26] [INFO] Validating login error message | {"actual": "Epic sadface: Username and password do not match any user in this service", "expected": "Epic sadface: Username and password do not match any user in this service"}
[2026-06-11T13:32:26] [INFO] ✅ Validation Passed: Login error message matches expected value
[2026-06-11T13:32:26] [INFO] Step: Navigating to login page
[2026-06-11T13:32:26] [INFO] [LoginPage] Navigation attempt 1/3 | {"url": "https://www.saucedemo.com/"}
[2026-06-11T13:32:27] [INFO] Step: Navigating to login page
[2026-06-11T13:32:27] [INFO] [LoginPage] Navigation attempt 1/3 | {"url": "https://www.saucedemo.com/"}
[2026-06-11T13:32:28] [INFO] [LoginPage] Navigation successful | {"attempt": 1}
[2026-06-11T13:32:28] [INFO] Step: Inserting user credentials | {"username": "problem_user"}
[2026-06-11T13:32:29] [INFO] [LoginPage] Navigation successful | {"attempt": 1}
[2026-06-11T13:32:29] [INFO] Step: Inserting user credentials | {"username": "prasad"}
[2026-06-11T13:32:29] [INFO] Step: Submitting login form
[2026-06-11T13:32:30] [INFO] Step: Validating login error message
[2026-06-11T13:32:30] [INFO] Validating login error message | {"actual": "Epic sadface: Username and password do not match any user in this service", "expected": "Epic sadface: Username and password do not match any user in this service"}
[2026-06-11T13:32:30] [INFO] ✅ Validation Passed: Login error message matches expected value
[2026-06-11T13:32:30] [INFO] Step: Submitting login form
[2026-06-11T13:32:30] [INFO] Step: Validating login error message
[2026-06-11T13:32:31] [INFO] Validating login error message | {"actual": "Epic sadface: Username and password do not match any user in this service", "expected": "Epic sadface: Username and password do not match any user in this service"}
[2026-06-11T13:32:31] [INFO] ✅ Validation Passed: Login error message matches expected value
[2026-06-11T13:32:35] [INFO] Step: Navigating to login page
[2026-06-11T13:32:35] [INFO] [LoginPage] Navigation attempt 1/3 | {"url": "https://www.saucedemo.com/"}
[2026-06-11T13:32:37] [INFO] Step: Navigating to login page
[2026-06-11T13:32:37] [INFO] [LoginPage] Navigation attempt 1/3 | {"url": "https://www.saucedemo.com/"}
[2026-06-11T13:32:37] [INFO] [LoginPage] Navigation successful | {"attempt": 1}
[2026-06-11T13:32:37] [INFO] Step: Inserting user credentials | {"username": ""}
[2026-06-11T13:32:38] [INFO] Step: Submitting login form
[2026-06-11T13:32:38] [INFO] Step: Validating login error message
[2026-06-11T13:32:38] [INFO] Validating login error message | {"actual": "Epic sadface: Username is required", "expected": "Epic sadface: Username is required"}
[2026-06-11T13:32:38] [INFO] ✅ Validation Passed: Login error message matches expected value
[2026-06-11T13:32:39] [INFO] [LoginPage] Navigation successful | {"attempt": 1}
[2026-06-11T13:32:39] [INFO] Step: Inserting user credentials | {"username": "problem_user"}
[2026-06-11T13:32:39] [INFO] Step: Navigating to login page
[2026-06-11T13:32:39] [INFO] [LoginPage] Navigation attempt 1/3 | {"url": "https://www.saucedemo.com/"}
[2026-06-11T13:32:40] [INFO] Step: Submitting login form
[2026-06-11T13:32:40] [INFO] Step: Validating login error message
[2026-06-11T13:32:40] [INFO] Validating login error message | {"actual": "Epic sadface: Password is required", "expected": "Epic sadface: Password is required"}
[2026-06-11T13:32:40] [INFO] ✅ Validation Passed: Login error message matches expected value
[2026-06-11T13:32:41] [INFO] [LoginPage] Navigation successful | {"attempt": 1}
[2026-06-11T13:32:41] [INFO] Step: Inserting user credentials | {"username": "locked_out_user"}
[2026-06-11T13:32:42] [INFO] Step: Submitting login form
[2026-06-11T13:32:42] [INFO] Step: Validating login error message
[2026-06-11T13:32:42] [INFO] Validating login error message | {"actual": "Epic sadface: Sorry, this user has been locked out.", "expected": "Epic sadface: Sorry, this user has been locked out."}
[2026-06-11T13:32:42] [INFO] ✅ Validation Passed: Login error message matches expected value
[2026-06-11T13:34:19] [INFO] 
========== TEST RUN STARTED: 2026-06-11T08:04:19.738234Z ==========

[2026-06-11T13:34:19] [INFO] ✅ Environment validation successful
[2026-06-11T13:34:22] [INFO] 
========== TEST RUN STARTED: 2026-06-11T08:04:22.300816Z ==========

[2026-06-11T13:34:22] [INFO] 
========== TEST RUN STARTED: 2026-06-11T08:04:22.668570Z ==========

[2026-06-11T13:34:22] [INFO] ✅ Environment validation successful
[2026-06-11T13:34:23] [INFO] ✅ Environment validation successful
[2026-06-11T13:34:23] [INFO] 
========== TEST RUN STARTED: 2026-06-11T08:04:23.112457Z ==========

[2026-06-11T13:34:23] [INFO] ✅ Environment validation successful
[2026-06-11T13:34:23] [INFO] 
========== TEST RUN STARTED: 2026-06-11T08:04:23.666515Z ==========

[2026-06-11T13:34:23] [INFO] 
========== TEST RUN STARTED: 2026-06-11T08:04:23.688583Z ==========

[2026-06-11T13:34:24] [INFO] ✅ Environment validation successful
[2026-06-11T13:34:24] [INFO] ✅ Environment validation successful
[2026-06-11T13:34:24] [INFO] 
========== TEST RUN STARTED: 2026-06-11T08:04:24.380222Z ==========

[2026-06-11T13:34:24] [INFO] 
========== TEST RUN STARTED: 2026-06-11T08:04:24.488755Z ==========

[2026-06-11T13:34:24] [INFO] ✅ Environment validation successful
[2026-06-11T13:34:24] [INFO] 
========== TEST RUN STARTED: 2026-06-11T08:04:24.684954Z ==========

[2026-06-11T13:34:24] [INFO] ✅ Environment validation successful
[2026-06-11T13:34:24] [INFO] ✅ Environment validation successful
[2026-06-11T13:34:28] [INFO] Step: Navigating to login page
[2026-06-11T13:34:28] [INFO] [LoginPage] Navigation attempt 1/3 | {"url": "https://www.saucedemo.com/"}
[2026-06-11T13:34:28] [INFO] Step: Navigating to login page
[2026-06-11T13:34:28] [INFO] [LoginPage] Navigation attempt 1/3 | {"url": "https://www.saucedemo.com/"}
[2026-06-11T13:34:28] [INFO] Step: Executing Bank Transaction API Request | {"title": "AML Alert", "userId": 1}
[2026-06-11T13:34:28] [INFO] API POST Request initiated | {"url": "https://jsonplaceholder.typicode.com/posts", "body": {"title": "AML Alert", "body": "AML Compliance Alert Triggered", "userId": 1}}
[2026-06-11T13:34:28] [INFO] Step: Navigating to login page
[2026-06-11T13:34:28] [INFO] [LoginPage] Navigation attempt 1/3 | {"url": "https://www.saucedemo.com/"}
[2026-06-11T13:34:29] [INFO] Step: Navigating to login page
[2026-06-11T13:34:29] [INFO] [LoginPage] Navigation attempt 1/3 | {"url": "https://www.saucedemo.com/"}
[2026-06-11T13:34:29] [INFO] Step: Navigating to login page
[2026-06-11T13:34:29] [INFO] [LoginPage] Navigation attempt 1/3 | {"url": "https://www.saucedemo.com/"}
[2026-06-11T13:34:29] [INFO] [LoginPage] Navigation successful | {"attempt": 1}
[2026-06-11T13:34:29] [INFO] Step: Inserting user credentials | {"username": "locked_out_user"}
[2026-06-11T13:34:29] [INFO] [LoginPage] Navigation successful | {"attempt": 1}
[2026-06-11T13:34:29] [INFO] Step: Inserting user credentials | {"username": ""}
[2026-06-11T13:34:29] [INFO] [LoginPage] Navigation successful | {"attempt": 1}
[2026-06-11T13:34:29] [INFO] Step: Inserting user credentials | {"username": "prasad"}
[2026-06-11T13:34:30] [INFO] [LoginPage] Navigation successful | {"attempt": 1}
[2026-06-11T13:34:30] [INFO] Step: Inserting user credentials | {"username": "problem_user"}
[2026-06-11T13:34:30] [INFO] Step: Submitting login form
[2026-06-11T13:34:30] [INFO] Step: Submitting login form
[2026-06-11T13:34:30] [INFO] Step: Validating login error message
[2026-06-11T13:34:30] [INFO] Validating login error message | {"actual": "Epic sadface: Sorry, this user has been locked out.", "expected": "Epic sadface: Sorry, this user has been locked out."}
[2026-06-11T13:34:30] [INFO] ✅ Validation Passed: Login error message matches expected value
[2026-06-11T13:34:30] [INFO] Step: Validating login error message
[2026-06-11T13:34:30] [INFO] Step: Submitting login form
[2026-06-11T13:34:30] [INFO] Validating login error message | {"actual": "Epic sadface: Username is required", "expected": "Epic sadface: Username is required"}
[2026-06-11T13:34:30] [INFO] ✅ Validation Passed: Login error message matches expected value
[2026-06-11T13:34:30] [INFO] Step: Submitting login form
[2026-06-11T13:34:30] [INFO] [LoginPage] Navigation successful | {"attempt": 1}
[2026-06-11T13:34:30] [INFO] Step: Inserting user credentials | {"username": "problem_user"}
[2026-06-11T13:34:30] [INFO] Step: Validating login error message
[2026-06-11T13:34:30] [INFO] Step: Validating login error message
[2026-06-11T13:34:30] [INFO] Validating login error message | {"actual": "Epic sadface: Username and password do not match any user in this service", "expected": "Epic sadface: Username and password do not match any user in this service"}
[2026-06-11T13:34:30] [INFO] ✅ Validation Passed: Login error message matches expected value
[2026-06-11T13:34:30] [INFO] Validating login error message | {"actual": "Epic sadface: Username and password do not match any user in this service", "expected": "Epic sadface: Username and password do not match any user in this service"}
[2026-06-11T13:34:30] [INFO] ✅ Validation Passed: Login error message matches expected value
[2026-06-11T13:34:31] [INFO] Step: Submitting login form
[2026-06-11T13:34:31] [INFO] API POST Response received | {"duration": "2506.47ms", "status": 201}
[2026-06-11T13:34:31] [INFO] Step: Validating API HTTP Status | {"actual": 201, "expected": 201}
[2026-06-11T13:34:31] [INFO] Validating HTTP status code | {"actual": 201, "expected": 201}
[2026-06-11T13:34:31] [INFO] ✅ Validation Passed: API Status matches
[2026-06-11T13:34:31] [INFO] Step: Validating transaction ID | {"id": 101}
[2026-06-11T13:34:31] [INFO] Validating transaction ID format | {"id": 101}
[2026-06-11T13:34:31] [INFO] ✅ Validation Passed: Transaction ID is valid and numeric
[2026-06-11T13:34:31] [INFO] Step: Validating login error message
[2026-06-11T13:34:31] [INFO] Validating login error message | {"actual": "Epic sadface: Password is required", "expected": "Epic sadface: Password is required"}
[2026-06-11T13:34:31] [INFO] ✅ Validation Passed: Login error message matches expected value
[2026-06-11T13:34:33] [INFO] Step: Navigating to login page
[2026-06-11T13:34:33] [INFO] [LoginPage] Navigation attempt 1/3 | {"url": "https://www.saucedemo.com/"}
[2026-06-11T13:34:35] [INFO] Step: Navigating to login page
[2026-06-11T13:34:35] [INFO] [LoginPage] Navigation attempt 1/3 | {"url": "https://www.saucedemo.com/"}
[2026-06-11T13:34:35] [INFO] [LoginPage] Navigation successful | {"attempt": 1}
[2026-06-11T13:34:35] [INFO] Step: Inserting user credentials | {"username": "problem_user"}
[2026-06-11T13:34:35] [INFO] Step: Submitting login form
[2026-06-11T13:34:36] [INFO] Step: Validating login error message
[2026-06-11T13:34:36] [INFO] Validating login error message | {"actual": "Epic sadface: Username and password do not match any user in this service", "expected": "Epic sadface: Username and password do not match any user in this service"}
[2026-06-11T13:34:36] [INFO] ✅ Validation Passed: Login error message matches expected value
[2026-06-11T13:34:36] [INFO] [LoginPage] Navigation successful | {"attempt": 1}
[2026-06-11T13:34:36] [INFO] Step: Inserting user credentials | {"username": "prasad"}
[2026-06-11T13:34:38] [INFO] Step: Navigating to login page
[2026-06-11T13:34:38] [INFO] [LoginPage] Navigation attempt 1/3 | {"url": "https://www.saucedemo.com/"}
[2026-06-11T13:34:38] [INFO] Step: Submitting login form
[2026-06-11T13:34:38] [INFO] Step: Validating login error message
[2026-06-11T13:34:38] [INFO] Validating login error message | {"actual": "Epic sadface: Username and password do not match any user in this service", "expected": "Epic sadface: Username and password do not match any user in this service"}
[2026-06-11T13:34:38] [INFO] ✅ Validation Passed: Login error message matches expected value
[2026-06-11T13:34:40] [INFO] [LoginPage] Navigation successful | {"attempt": 1}
[2026-06-11T13:34:40] [INFO] Step: Inserting user credentials | {"username": ""}
[2026-06-11T13:34:41] [INFO] Step: Submitting login form
[2026-06-11T13:34:41] [INFO] Step: Validating login error message
[2026-06-11T13:34:41] [INFO] Validating login error message | {"actual": "Epic sadface: Username is required", "expected": "Epic sadface: Username is required"}
[2026-06-11T13:34:41] [INFO] ✅ Validation Passed: Login error message matches expected value
[2026-06-11T13:34:42] [INFO] Step: Navigating to login page
[2026-06-11T13:34:42] [INFO] [LoginPage] Navigation attempt 1/3 | {"url": "https://www.saucedemo.com/"}
[2026-06-11T13:34:44] [INFO] [LoginPage] Navigation successful | {"attempt": 1}
[2026-06-11T13:34:44] [INFO] Step: Inserting user credentials | {"username": "problem_user"}
[2026-06-11T13:34:44] [INFO] Step: Navigating to login page
[2026-06-11T13:34:44] [INFO] [LoginPage] Navigation attempt 1/3 | {"url": "https://www.saucedemo.com/"}
[2026-06-11T13:34:45] [INFO] Step: Submitting login form
[2026-06-11T13:34:45] [INFO] Step: Validating login error message
[2026-06-11T13:34:45] [INFO] Validating login error message | {"actual": "Epic sadface: Password is required", "expected": "Epic sadface: Password is required"}
[2026-06-11T13:34:45] [INFO] ✅ Validation Passed: Login error message matches expected value
[2026-06-11T13:34:46] [INFO] [LoginPage] Navigation successful | {"attempt": 1}
[2026-06-11T13:34:46] [INFO] Step: Inserting user credentials | {"username": "locked_out_user"}
[2026-06-11T13:34:47] [INFO] Step: Submitting login form
[2026-06-11T13:34:47] [INFO] Step: Validating login error message
[2026-06-11T13:34:47] [INFO] Validating login error message | {"actual": "Epic sadface: Sorry, this user has been locked out.", "expected": "Epic sadface: Sorry, this user has been locked out."}
[2026-06-11T13:34:47] [INFO] ✅ Validation Passed: Login error message matches expected value
[2026-06-11T13:39:20] [INFO] 
========== TEST RUN STARTED: 2026-06-11T08:09:20.908530Z ==========

[2026-06-11T13:39:21] [INFO] ✅ Environment validation successful
[2026-06-11T13:39:23] [INFO] 
========== TEST RUN STARTED: 2026-06-11T08:09:23.102525Z ==========

[2026-06-11T13:39:23] [INFO] 
========== TEST RUN STARTED: 2026-06-11T08:09:23.427895Z ==========

[2026-06-11T13:39:23] [INFO] ✅ Environment validation successful
[2026-06-11T13:39:23] [INFO] 
========== TEST RUN STARTED: 2026-06-11T08:09:23.779811Z ==========

[2026-06-11T13:39:23] [INFO] ✅ Environment validation successful
[2026-06-11T13:39:24] [INFO] ✅ Environment validation successful
[2026-06-11T13:39:24] [INFO] 
========== TEST RUN STARTED: 2026-06-11T08:09:24.324447Z ==========

[2026-06-11T13:39:24] [INFO] 
========== TEST RUN STARTED: 2026-06-11T08:09:24.388742Z ==========

[2026-06-11T13:39:24] [INFO] ✅ Environment validation successful
[2026-06-11T13:39:24] [INFO] ✅ Environment validation successful
[2026-06-11T13:39:24] [INFO] 
========== TEST RUN STARTED: 2026-06-11T08:09:24.654713Z ==========

[2026-06-11T13:39:24] [INFO] ✅ Environment validation successful
[2026-06-11T13:39:24] [INFO] 
========== TEST RUN STARTED: 2026-06-11T08:09:24.959664Z ==========

[2026-06-11T13:39:25] [INFO] 
========== TEST RUN STARTED: 2026-06-11T08:09:25.105941Z ==========

[2026-06-11T13:39:25] [INFO] ✅ Environment validation successful
[2026-06-11T13:39:25] [INFO] ✅ Environment validation successful
[2026-06-11T13:39:27] [INFO] Step: Navigating to login page
[2026-06-11T13:39:27] [INFO] [LoginPage] Navigation attempt 1/3 | {"url": "https://www.saucedemo.com/"}
[2026-06-11T13:39:28] [INFO] Step: Navigating to login page
[2026-06-11T13:39:28] [INFO] [LoginPage] Navigation attempt 1/3 | {"url": "https://www.saucedemo.com/"}
[2026-06-11T13:39:28] [INFO] Step: Navigating to login page
[2026-06-11T13:39:28] [INFO] [LoginPage] Navigation attempt 1/3 | {"url": "https://www.saucedemo.com/"}
[2026-06-11T13:39:28] [INFO] [LoginPage] Navigation successful | {"attempt": 1}
[2026-06-11T13:39:28] [INFO] Step: Inserting user credentials | {"username": "prasad"}
[2026-06-11T13:39:28] [INFO] Step: Navigating to login page
[2026-06-11T13:39:28] [INFO] [LoginPage] Navigation attempt 1/3 | {"url": "https://www.saucedemo.com/"}
[2026-06-11T13:39:28] [INFO] Step: Executing Bank Transaction API Request | {"title": "AML Alert", "userId": 1}
[2026-06-11T13:39:28] [INFO] API POST Request initiated | {"url": "https://jsonplaceholder.typicode.com/posts", "body": {"title": "AML Alert", "body": "AML Compliance Alert Triggered", "userId": 1}}
[2026-06-11T13:39:29] [INFO] [LoginPage] Navigation successful | {"attempt": 1}
[2026-06-11T13:39:29] [INFO] Step: Inserting user credentials | {"username": "problem_user"}
[2026-06-11T13:39:29] [INFO] [LoginPage] Navigation successful | {"attempt": 1}
[2026-06-11T13:39:29] [INFO] Step: Inserting user credentials | {"username": "problem_user"}
[2026-06-11T13:39:29] [INFO] Step: Submitting login form
[2026-06-11T13:39:29] [INFO] Step: Navigating to login page
[2026-06-11T13:39:29] [INFO] [LoginPage] Navigation attempt 1/3 | {"url": "https://www.saucedemo.com/"}
[2026-06-11T13:39:29] [INFO] Step: Validating login error message
[2026-06-11T13:39:29] [INFO] Step: Submitting login form
[2026-06-11T13:39:29] [INFO] Validating login error message | {"actual": "Epic sadface: Password is required", "expected": "Epic sadface: Password is required"}
[2026-06-11T13:39:29] [INFO] ✅ Validation Passed: Login error message matches expected value
[2026-06-11T13:39:30] [INFO] Step: Validating login error message
[2026-06-11T13:39:30] [INFO] Validating login error message | {"actual": "Epic sadface: Username and password do not match any user in this service", "expected": "Epic sadface: Username and password do not match any user in this service"}
[2026-06-11T13:39:30] [INFO] ✅ Validation Passed: Login error message matches expected value
[2026-06-11T13:39:30] [INFO] [LoginPage] Navigation successful | {"attempt": 1}
[2026-06-11T13:39:30] [INFO] Step: Inserting user credentials | {"username": "locked_out_user"}
[2026-06-11T13:39:30] [INFO] Step: Submitting login form
[2026-06-11T13:39:30] [INFO] Step: Validating login error message
[2026-06-11T13:39:30] [INFO] [LoginPage] Navigation successful | {"attempt": 1}
[2026-06-11T13:39:30] [INFO] Step: Inserting user credentials | {"username": ""}
[2026-06-11T13:39:30] [INFO] Validating login error message | {"actual": "Epic sadface: Username and password do not match any user in this service", "expected": "Epic sadface: Username and password do not match any user in this service"}
[2026-06-11T13:39:30] [INFO] ✅ Validation Passed: Login error message matches expected value
[2026-06-11T13:39:31] [INFO] Step: Submitting login form
[2026-06-11T13:39:31] [INFO] Step: Submitting login form
[2026-06-11T13:39:31] [INFO] Step: Validating login error message
[2026-06-11T13:39:31] [INFO] API POST Response received | {"duration": "2266.42ms", "status": 201}
[2026-06-11T13:39:31] [INFO] Step: Validating API HTTP Status | {"actual": 201, "expected": 201}
[2026-06-11T13:39:31] [INFO] Validating HTTP status code | {"actual": 201, "expected": 201}
[2026-06-11T13:39:31] [INFO] ✅ Validation Passed: API Status matches
[2026-06-11T13:39:31] [INFO] Step: Validating transaction ID | {"id": 101}
[2026-06-11T13:39:31] [INFO] Validating transaction ID format | {"id": 101}
[2026-06-11T13:39:31] [INFO] ✅ Validation Passed: Transaction ID is valid and numeric
[2026-06-11T13:39:31] [INFO] Step: Validating login error message
[2026-06-11T13:39:31] [INFO] Validating login error message | {"actual": "Epic sadface: Username is required", "expected": "Epic sadface: Username is required"}
[2026-06-11T13:39:31] [INFO] ✅ Validation Passed: Login error message matches expected value
[2026-06-11T13:39:31] [INFO] Validating login error message | {"actual": "Epic sadface: Sorry, this user has been locked out.", "expected": "Epic sadface: Sorry, this user has been locked out."}
[2026-06-11T13:39:31] [INFO] ✅ Validation Passed: Login error message matches expected value
[2026-06-11T13:39:32] [INFO] Step: Navigating to login page
[2026-06-11T13:39:32] [INFO] [LoginPage] Navigation attempt 1/3 | {"url": "https://www.saucedemo.com/"}
[2026-06-11T13:39:34] [INFO] [LoginPage] Navigation successful | {"attempt": 1}
[2026-06-11T13:39:34] [INFO] Step: Inserting user credentials | {"username": "prasad"}
[2026-06-11T13:39:34] [INFO] Step: Navigating to login page
[2026-06-11T13:39:34] [INFO] [LoginPage] Navigation attempt 1/3 | {"url": "https://www.saucedemo.com/"}
[2026-06-11T13:39:35] [INFO] Step: Submitting login form
[2026-06-11T13:39:35] [INFO] Step: Validating login error message
[2026-06-11T13:39:35] [INFO] Validating login error message | {"actual": "Epic sadface: Username and password do not match any user in this service", "expected": "Epic sadface: Username and password do not match any user in this service"}
[2026-06-11T13:39:35] [INFO] ✅ Validation Passed: Login error message matches expected value
[2026-06-11T13:39:36] [INFO] [LoginPage] Navigation successful | {"attempt": 1}
[2026-06-11T13:39:36] [INFO] Step: Inserting user credentials | {"username": "problem_user"}
[2026-06-11T13:39:36] [INFO] Step: Submitting login form
[2026-06-11T13:39:37] [INFO] Step: Validating login error message
[2026-06-11T13:39:37] [INFO] Validating login error message | {"actual": "Epic sadface: Username and password do not match any user in this service", "expected": "Epic sadface: Username and password do not match any user in this service"}
[2026-06-11T13:39:37] [INFO] ✅ Validation Passed: Login error message matches expected value
[2026-06-11T13:39:37] [INFO] Step: Navigating to login page
[2026-06-11T13:39:37] [INFO] [LoginPage] Navigation attempt 1/3 | {"url": "https://www.saucedemo.com/"}
[2026-06-11T13:39:39] [INFO] [LoginPage] Navigation successful | {"attempt": 1}
[2026-06-11T13:39:39] [INFO] Step: Inserting user credentials | {"username": ""}
[2026-06-11T13:39:39] [INFO] Step: Navigating to login page
[2026-06-11T13:39:39] [INFO] [LoginPage] Navigation attempt 1/3 | {"url": "https://www.saucedemo.com/"}
[2026-06-11T13:39:40] [INFO] Step: Submitting login form
[2026-06-11T13:39:40] [INFO] Step: Validating login error message
[2026-06-11T13:39:40] [INFO] Validating login error message | {"actual": "Epic sadface: Username is required", "expected": "Epic sadface: Username is required"}
[2026-06-11T13:39:40] [INFO] ✅ Validation Passed: Login error message matches expected value
[2026-06-11T13:39:40] [INFO] Step: Navigating to login page
[2026-06-11T13:39:40] [INFO] [LoginPage] Navigation attempt 1/3 | {"url": "https://www.saucedemo.com/"}
[2026-06-11T13:39:40] [INFO] [LoginPage] Navigation successful | {"attempt": 1}
[2026-06-11T13:39:40] [INFO] Step: Inserting user credentials | {"username": "problem_user"}
[2026-06-11T13:39:41] [INFO] Step: Submitting login form
[2026-06-11T13:39:42] [INFO] Step: Validating login error message
[2026-06-11T13:39:42] [INFO] Validating login error message | {"actual": "Epic sadface: Password is required", "expected": "Epic sadface: Password is required"}
[2026-06-11T13:39:42] [INFO] ✅ Validation Passed: Login error message matches expected value
[2026-06-11T13:39:42] [INFO] [LoginPage] Navigation successful | {"attempt": 1}
[2026-06-11T13:39:42] [INFO] Step: Inserting user credentials | {"username": "locked_out_user"}
[2026-06-11T13:39:43] [INFO] Step: Submitting login form
[2026-06-11T13:39:43] [INFO] Step: Validating login error message
[2026-06-11T13:39:43] [INFO] Validating login error message | {"actual": "Epic sadface: Sorry, this user has been locked out.", "expected": "Epic sadface: Sorry, this user has been locked out."}
[2026-06-11T13:39:43] [INFO] ✅ Validation Passed: Login error message matches expected value
[2026-06-11T13:41:02] [INFO] 
========== TEST RUN STARTED: 2026-06-11T08:11:02.066318Z ==========

[2026-06-11T13:41:02] [INFO] ✅ Environment validation successful
[2026-06-11T13:41:04] [INFO] 
========== TEST RUN STARTED: 2026-06-11T08:11:04.159602Z ==========

[2026-06-11T13:41:04] [INFO] 
========== TEST RUN STARTED: 2026-06-11T08:11:04.515946Z ==========

[2026-06-11T13:41:04] [INFO] ✅ Environment validation successful
[2026-06-11T13:41:04] [INFO] 
========== TEST RUN STARTED: 2026-06-11T08:11:04.901910Z ==========

[2026-06-11T13:41:04] [INFO] ✅ Environment validation successful
[2026-06-11T13:41:05] [INFO] 
========== TEST RUN STARTED: 2026-06-11T08:11:05.202303Z ==========

[2026-06-11T13:41:05] [INFO] ✅ Environment validation successful
[2026-06-11T13:41:05] [INFO] ✅ Environment validation successful
[2026-06-11T13:41:05] [INFO] 
========== TEST RUN STARTED: 2026-06-11T08:11:05.642841Z ==========

[2026-06-11T13:41:05] [INFO] 
========== TEST RUN STARTED: 2026-06-11T08:11:05.850074Z ==========

[2026-06-11T13:41:05] [INFO] ✅ Environment validation successful
[2026-06-11T13:41:06] [INFO] 
========== TEST RUN STARTED: 2026-06-11T08:11:06.025131Z ==========

[2026-06-11T13:41:06] [INFO] ✅ Environment validation successful
[2026-06-11T13:41:06] [INFO] ✅ Environment validation successful
[2026-06-11T13:41:06] [INFO] 
========== TEST RUN STARTED: 2026-06-11T08:11:06.269169Z ==========

[2026-06-11T13:41:06] [INFO] ✅ Environment validation successful
[2026-06-11T13:41:10] [INFO] Step: Navigating to login page
[2026-06-11T13:41:10] [INFO] [LoginPage] Navigation attempt 1/3 | {"url": "https://www.saucedemo.com/"}
[2026-06-11T13:41:10] [INFO] Step: Executing Bank Transaction API Request | {"title": "AML Alert", "userId": 1}
[2026-06-11T13:41:10] [INFO] API POST Request initiated | {"url": "https://jsonplaceholder.typicode.com/posts", "body": {"title": "AML Alert", "body": "AML Compliance Alert Triggered", "userId": 1}}
[2026-06-11T13:41:10] [INFO] Step: Navigating to login page
[2026-06-11T13:41:10] [INFO] [LoginPage] Navigation attempt 1/3 | {"url": "https://www.saucedemo.com/"}
[2026-06-11T13:41:10] [INFO] Step: Navigating to login page
[2026-06-11T13:41:10] [INFO] Step: Navigating to login page
[2026-06-11T13:41:10] [INFO] [LoginPage] Navigation attempt 1/3 | {"url": "https://www.saucedemo.com/"}
[2026-06-11T13:41:10] [INFO] [LoginPage] Navigation attempt 1/3 | {"url": "https://www.saucedemo.com/"}
[2026-06-11T13:41:11] [INFO] [LoginPage] Navigation successful | {"attempt": 1}
[2026-06-11T13:41:11] [INFO] Step: Inserting user credentials | {"username": "prasad"}
[2026-06-11T13:41:11] [INFO] [LoginPage] Navigation successful | {"attempt": 1}
[2026-06-11T13:41:11] [INFO] Step: Navigating to login page
[2026-06-11T13:41:11] [INFO] [LoginPage] Navigation attempt 1/3 | {"url": "https://www.saucedemo.com/"}
[2026-06-11T13:41:11] [INFO] [LoginPage] Navigation successful | {"attempt": 1}
[2026-06-11T13:41:11] [INFO] Step: Inserting user credentials | {"username": ""}
[2026-06-11T13:41:11] [INFO] Step: Inserting user credentials | {"username": "locked_out_user"}
[2026-06-11T13:41:11] [INFO] [LoginPage] Navigation successful | {"attempt": 1}
[2026-06-11T13:41:11] [INFO] Step: Inserting user credentials | {"username": "problem_user"}
[2026-06-11T13:41:12] [INFO] [LoginPage] Navigation successful | {"attempt": 1}
[2026-06-11T13:41:12] [INFO] Step: Inserting user credentials | {"username": "problem_user"}
[2026-06-11T13:41:13] [INFO] API POST Response received | {"duration": "2721.36ms", "status": 201}
[2026-06-11T13:41:13] [INFO] Step: Validating API HTTP Status | {"actual": 201, "expected": 201}
[2026-06-11T13:41:13] [INFO] Validating HTTP status code | {"actual": 201, "expected": 201}
[2026-06-11T13:41:13] [INFO] ✅ Validation Passed: API Status matches
[2026-06-11T13:41:13] [INFO] Step: Validating transaction ID | {"id": 101}
[2026-06-11T13:41:13] [INFO] Validating transaction ID format | {"id": 101}
[2026-06-11T13:41:13] [INFO] ✅ Validation Passed: Transaction ID is valid and numeric
[2026-06-11T13:41:13] [INFO] Step: Submitting login form
[2026-06-11T13:41:13] [INFO] Step: Submitting login form
[2026-06-11T13:41:13] [INFO] Step: Submitting login form
[2026-06-11T13:41:13] [INFO] Step: Submitting login form
[2026-06-11T13:41:13] [INFO] Step: Validating login error message
[2026-06-11T13:41:13] [INFO] Step: Validating login error message
[2026-06-11T13:41:13] [INFO] Step: Validating login error message
[2026-06-11T13:41:14] [INFO] Step: Validating login error message
[2026-06-11T13:41:14] [INFO] Validating login error message | {"actual": "Epic sadface: Username and password do not match any user in this service", "expected": "Epic sadface: Username and password do not match any user in this service"}
[2026-06-11T13:41:14] [INFO] ✅ Validation Passed: Login error message matches expected value
[2026-06-11T13:41:14] [INFO] Validating login error message | {"actual": "Epic sadface: Sorry, this user has been locked out.", "expected": "Epic sadface: Sorry, this user has been locked out."}
[2026-06-11T13:41:14] [INFO] ✅ Validation Passed: Login error message matches expected value
[2026-06-11T13:41:14] [INFO] Step: Submitting login form
[2026-06-11T13:41:14] [INFO] Validating login error message | {"actual": "Epic sadface: Username is required", "expected": "Epic sadface: Username is required"}
[2026-06-11T13:41:14] [INFO] ✅ Validation Passed: Login error message matches expected value
[2026-06-11T13:41:14] [INFO] Validating login error message | {"actual": "Epic sadface: Password is required", "expected": "Epic sadface: Password is required"}
[2026-06-11T13:41:14] [INFO] ✅ Validation Passed: Login error message matches expected value
[2026-06-11T13:41:14] [INFO] Step: Validating login error message
[2026-06-11T13:41:15] [INFO] Validating login error message | {"actual": "Epic sadface: Username and password do not match any user in this service", "expected": "Epic sadface: Username and password do not match any user in this service"}
[2026-06-11T13:41:15] [INFO] ✅ Validation Passed: Login error message matches expected value
[2026-06-11T13:41:16] [INFO] Step: Navigating to login page
[2026-06-11T13:41:16] [INFO] [LoginPage] Navigation attempt 1/3 | {"url": "https://www.saucedemo.com/"}
[2026-06-11T13:41:17] [INFO] Step: Navigating to login page
[2026-06-11T13:41:17] [INFO] [LoginPage] Navigation attempt 1/3 | {"url": "https://www.saucedemo.com/"}
[2026-06-11T13:41:17] [INFO] [LoginPage] Navigation successful | {"attempt": 1}
[2026-06-11T13:41:17] [INFO] Step: Inserting user credentials | {"username": "prasad"}
[2026-06-11T13:41:19] [INFO] Step: Submitting login form
[2026-06-11T13:41:19] [INFO] [LoginPage] Navigation successful | {"attempt": 1}
[2026-06-11T13:41:19] [INFO] Step: Inserting user credentials | {"username": "problem_user"}
[2026-06-11T13:41:20] [INFO] Step: Validating login error message
[2026-06-11T13:41:20] [INFO] Validating login error message | {"actual": "Epic sadface: Username and password do not match any user in this service", "expected": "Epic sadface: Username and password do not match any user in this service"}
[2026-06-11T13:41:20] [INFO] ✅ Validation Passed: Login error message matches expected value
[2026-06-11T13:41:21] [INFO] Step: Navigating to login page
[2026-06-11T13:41:21] [INFO] [LoginPage] Navigation attempt 1/3 | {"url": "https://www.saucedemo.com/"}
[2026-06-11T13:41:21] [INFO] Step: Submitting login form
[2026-06-11T13:41:23] [INFO] Step: Validating login error message
[2026-06-11T13:41:23] [INFO] [LoginPage] Navigation successful | {"attempt": 1}
[2026-06-11T13:41:23] [INFO] Step: Inserting user credentials | {"username": ""}
[2026-06-11T13:41:23] [INFO] Validating login error message | {"actual": "Epic sadface: Username and password do not match any user in this service", "expected": "Epic sadface: Username and password do not match any user in this service"}
[2026-06-11T13:41:23] [INFO] ✅ Validation Passed: Login error message matches expected value
[2026-06-11T13:41:23] [INFO] Step: Navigating to login page
[2026-06-11T13:41:23] [INFO] [LoginPage] Navigation attempt 1/3 | {"url": "https://www.saucedemo.com/"}
[2026-06-11T13:41:24] [INFO] Step: Submitting login form
[2026-06-11T13:41:25] [INFO] Step: Validating login error message
[2026-06-11T13:41:25] [INFO] Validating login error message | {"actual": "Epic sadface: Username is required", "expected": "Epic sadface: Username is required"}
[2026-06-11T13:41:25] [INFO] ✅ Validation Passed: Login error message matches expected value
[2026-06-11T13:41:25] [INFO] [LoginPage] Navigation successful | {"attempt": 1}
[2026-06-11T13:41:25] [INFO] Step: Inserting user credentials | {"username": "problem_user"}
[2026-06-11T13:41:25] [INFO] Step: Navigating to login page
[2026-06-11T13:41:25] [INFO] [LoginPage] Navigation attempt 1/3 | {"url": "https://www.saucedemo.com/"}
[2026-06-11T13:41:26] [INFO] Step: Submitting login form
[2026-06-11T13:41:26] [INFO] Step: Validating login error message
[2026-06-11T13:41:26] [INFO] Validating login error message | {"actual": "Epic sadface: Password is required", "expected": "Epic sadface: Password is required"}
[2026-06-11T13:41:26] [INFO] ✅ Validation Passed: Login error message matches expected value
[2026-06-11T13:41:27] [INFO] [LoginPage] Navigation successful | {"attempt": 1}
[2026-06-11T13:41:27] [INFO] Step: Inserting user credentials | {"username": "locked_out_user"}
[2026-06-11T13:41:28] [INFO] Step: Submitting login form
[2026-06-11T13:41:28] [INFO] Step: Validating login error message
[2026-06-11T13:41:28] [INFO] Validating login error message | {"actual": "Epic sadface: Sorry, this user has been locked out.", "expected": "Epic sadface: Sorry, this user has been locked out."}
[2026-06-11T13:41:28] [INFO] ✅ Validation Passed: Login error message matches expected value
[2026-06-11T13:43:40] [INFO] 
========== TEST RUN STARTED: 2026-06-11T08:13:40.558574Z ==========

[2026-06-11T13:43:40] [INFO] ✅ Environment validation successful
[2026-06-11T13:43:42] [INFO] 
========== TEST RUN STARTED: 2026-06-11T08:13:42.721334Z ==========

[2026-06-11T13:43:43] [INFO] ✅ Environment validation successful
[2026-06-11T13:43:43] [INFO] 
========== TEST RUN STARTED: 2026-06-11T08:13:43.118661Z ==========

[2026-06-11T13:43:43] [INFO] 
========== TEST RUN STARTED: 2026-06-11T08:13:43.435030Z ==========

[2026-06-11T13:43:43] [INFO] ✅ Environment validation successful
[2026-06-11T13:43:43] [INFO] 
========== TEST RUN STARTED: 2026-06-11T08:13:43.730964Z ==========

[2026-06-11T13:43:43] [INFO] ✅ Environment validation successful
[2026-06-11T13:43:44] [INFO] ✅ Environment validation successful
[2026-06-11T13:43:44] [INFO] 
========== TEST RUN STARTED: 2026-06-11T08:13:44.126226Z ==========

[2026-06-11T13:43:44] [INFO] 
========== TEST RUN STARTED: 2026-06-11T08:13:44.237362Z ==========

[2026-06-11T13:43:44] [INFO] ✅ Environment validation successful
[2026-06-11T13:43:44] [INFO] ✅ Environment validation successful
[2026-06-11T13:43:44] [INFO] 
========== TEST RUN STARTED: 2026-06-11T08:13:44.616981Z ==========

[2026-06-11T13:43:44] [INFO] 
========== TEST RUN STARTED: 2026-06-11T08:13:44.687352Z ==========

[2026-06-11T13:43:44] [INFO] ✅ Environment validation successful
[2026-06-11T13:43:44] [INFO] ✅ Environment validation successful
[2026-06-11T13:43:47] [INFO] Step: Navigating to login page
[2026-06-11T13:43:47] [INFO] [LoginPage] Navigation attempt 1/3 | {"url": "https://www.saucedemo.com/"}
[2026-06-11T13:43:48] [INFO] Step: Navigating to login page
[2026-06-11T13:43:48] [INFO] [LoginPage] Navigation attempt 1/3 | {"url": "https://www.saucedemo.com/"}
[2026-06-11T13:43:48] [INFO] Step: Navigating to login page
[2026-06-11T13:43:48] [INFO] [LoginPage] Navigation attempt 1/3 | {"url": "https://www.saucedemo.com/"}
[2026-06-11T13:43:48] [INFO] Step: Executing Bank Transaction API Request | {"title": "AML Alert", "userId": 1}
[2026-06-11T13:43:48] [INFO] API POST Request initiated | {"url": "https://jsonplaceholder.typicode.com/posts", "body": {"title": "AML Alert", "body": "AML Compliance Alert Triggered", "userId": 1}}
[2026-06-11T13:43:48] [INFO] Step: Navigating to login page
[2026-06-11T13:43:48] [INFO] [LoginPage] Navigation attempt 1/3 | {"url": "https://www.saucedemo.com/"}
[2026-06-11T13:43:48] [INFO] Step: Navigating to login page
[2026-06-11T13:43:48] [INFO] [LoginPage] Navigation attempt 1/3 | {"url": "https://www.saucedemo.com/"}
[2026-06-11T13:43:48] [INFO] [LoginPage] Navigation successful | {"attempt": 1}
[2026-06-11T13:43:48] [INFO] Step: Inserting user credentials | {"username": "locked_out_user"}
[2026-06-11T13:43:48] [INFO] [LoginPage] Navigation successful | {"attempt": 1}
[2026-06-11T13:43:48] [INFO] Step: Inserting user credentials | {"username": "prasad"}
[2026-06-11T13:43:49] [INFO] [LoginPage] Navigation successful | {"attempt": 1}
[2026-06-11T13:43:49] [INFO] Step: Inserting user credentials | {"username": "problem_user"}
[2026-06-11T13:43:49] [INFO] [LoginPage] Navigation successful | {"attempt": 1}
[2026-06-11T13:43:49] [INFO] Step: Inserting user credentials | {"username": ""}
[2026-06-11T13:43:49] [INFO] Step: Submitting login form
[2026-06-11T13:43:49] [INFO] [LoginPage] Navigation successful | {"attempt": 1}
[2026-06-11T13:43:49] [INFO] Step: Inserting user credentials | {"username": "problem_user"}
[2026-06-11T13:43:49] [INFO] Step: Submitting login form
[2026-06-11T13:43:49] [INFO] Step: Submitting login form
[2026-06-11T13:43:49] [INFO] Step: Validating login error message
[2026-06-11T13:43:49] [INFO] Step: Validating login error message
[2026-06-11T13:43:49] [INFO] Step: Validating login error message
[2026-06-11T13:43:49] [INFO] Validating login error message | {"actual": "Epic sadface: Sorry, this user has been locked out.", "expected": "Epic sadface: Sorry, this user has been locked out."}
[2026-06-11T13:43:49] [INFO] Validating login error message | {"actual": "Epic sadface: Username and password do not match any user in this service", "expected": "Epic sadface: Username and password do not match any user in this service"}
[2026-06-11T13:43:49] [INFO] ✅ Validation Passed: Login error message matches expected value
[2026-06-11T13:43:49] [INFO] Validating login error message | {"actual": "Epic sadface: Password is required", "expected": "Epic sadface: Password is required"}
[2026-06-11T13:43:49] [INFO] ✅ Validation Passed: Login error message matches expected value
[2026-06-11T13:43:49] [INFO] Step: Submitting login form
[2026-06-11T13:43:49] [INFO] ✅ Validation Passed: Login error message matches expected value
[2026-06-11T13:43:49] [INFO] Step: Validating login error message
[2026-06-11T13:43:49] [INFO] Validating login error message | {"actual": "Epic sadface: Username and password do not match any user in this service", "expected": "Epic sadface: Username and password do not match any user in this service"}
[2026-06-11T13:43:49] [INFO] ✅ Validation Passed: Login error message matches expected value
[2026-06-11T13:43:50] [INFO] Step: Submitting login form
[2026-06-11T13:43:50] [INFO] Step: Validating login error message
[2026-06-11T13:43:50] [INFO] Validating login error message | {"actual": "Epic sadface: Username is required", "expected": "Epic sadface: Username is required"}
[2026-06-11T13:43:50] [INFO] ✅ Validation Passed: Login error message matches expected value
[2026-06-11T13:43:51] [INFO] API POST Response received | {"duration": "3224.77ms", "status": 201}
[2026-06-11T13:43:51] [INFO] Step: Validating API HTTP Status | {"actual": 201, "expected": 201}
[2026-06-11T13:43:51] [INFO] Validating HTTP status code | {"actual": 201, "expected": 201}
[2026-06-11T13:43:51] [INFO] ✅ Validation Passed: API Status matches
[2026-06-11T13:43:51] [INFO] Step: Validating transaction ID | {"id": 101}
[2026-06-11T13:43:51] [INFO] Validating transaction ID format | {"id": 101}
[2026-06-11T13:43:51] [INFO] ✅ Validation Passed: Transaction ID is valid and numeric
[2026-06-11T13:43:52] [INFO] Step: Navigating to login page
[2026-06-11T13:43:52] [INFO] [LoginPage] Navigation attempt 1/3 | {"url": "https://www.saucedemo.com/"}
[2026-06-11T13:43:53] [INFO] Step: Navigating to login page
[2026-06-11T13:43:53] [INFO] [LoginPage] Navigation attempt 1/3 | {"url": "https://www.saucedemo.com/"}
[2026-06-11T13:43:53] [INFO] [LoginPage] Navigation successful | {"attempt": 1}
[2026-06-11T13:43:53] [INFO] Step: Inserting user credentials | {"username": "prasad"}
[2026-06-11T13:43:54] [INFO] Step: Submitting login form
[2026-06-11T13:43:54] [INFO] Step: Validating login error message
[2026-06-11T13:43:54] [INFO] Validating login error message | {"actual": "Epic sadface: Username and password do not match any user in this service", "expected": "Epic sadface: Username and password do not match any user in this service"}
[2026-06-11T13:43:54] [INFO] ✅ Validation Passed: Login error message matches expected value
[2026-06-11T13:43:55] [INFO] [LoginPage] Navigation successful | {"attempt": 1}
[2026-06-11T13:43:55] [INFO] Step: Inserting user credentials | {"username": "problem_user"}
[2026-06-11T13:43:56] [INFO] Step: Submitting login form
[2026-06-11T13:43:56] [INFO] Step: Validating login error message
[2026-06-11T13:43:56] [INFO] Step: Navigating to login page
[2026-06-11T13:43:56] [INFO] [LoginPage] Navigation attempt 1/3 | {"url": "https://www.saucedemo.com/"}
[2026-06-11T13:43:56] [INFO] Validating login error message | {"actual": "Epic sadface: Username and password do not match any user in this service", "expected": "Epic sadface: Username and password do not match any user in this service"}
[2026-06-11T13:43:56] [INFO] ✅ Validation Passed: Login error message matches expected value
[2026-06-11T13:43:58] [INFO] [LoginPage] Navigation successful | {"attempt": 1}
[2026-06-11T13:43:58] [INFO] Step: Inserting user credentials | {"username": "locked_out_user"}
[2026-06-11T13:43:58] [INFO] Step: Navigating to login page
[2026-06-11T13:43:58] [INFO] [LoginPage] Navigation attempt 1/3 | {"url": "https://www.saucedemo.com/"}
[2026-06-11T13:43:59] [INFO] Step: Submitting login form
[2026-06-11T13:43:59] [INFO] Step: Validating login error message
[2026-06-11T13:43:59] [INFO] Validating login error message | {"actual": "Epic sadface: Sorry, this user has been locked out.", "expected": "Epic sadface: Sorry, this user has been locked out."}
[2026-06-11T13:43:59] [INFO] ✅ Validation Passed: Login error message matches expected value
[2026-06-11T13:44:00] [INFO] [LoginPage] Navigation successful | {"attempt": 1}
[2026-06-11T13:44:00] [INFO] Step: Inserting user credentials | {"username": "problem_user"}
[2026-06-11T13:44:00] [INFO] Step: Navigating to login page
[2026-06-11T13:44:00] [INFO] [LoginPage] Navigation attempt 1/3 | {"url": "https://www.saucedemo.com/"}
[2026-06-11T13:44:01] [INFO] Step: Submitting login form
[2026-06-11T13:44:01] [INFO] Step: Validating login error message
[2026-06-11T13:44:01] [INFO] Validating login error message | {"actual": "Epic sadface: Password is required", "expected": "Epic sadface: Password is required"}
[2026-06-11T13:44:01] [INFO] ✅ Validation Passed: Login error message matches expected value
[2026-06-11T13:44:01] [INFO] [LoginPage] Navigation successful | {"attempt": 1}
[2026-06-11T13:44:01] [INFO] Step: Inserting user credentials | {"username": ""}
[2026-06-11T13:44:02] [INFO] Step: Submitting login form
[2026-06-11T13:44:02] [INFO] Step: Validating login error message
[2026-06-11T13:44:02] [INFO] Validating login error message | {"actual": "Epic sadface: Username is required", "expected": "Epic sadface: Username is required"}
[2026-06-11T13:44:02] [INFO] ✅ Validation Passed: Login error message matches expected value
[2026-06-11T13:46:46] [INFO] 
========== TEST RUN STARTED: 2026-06-11T08:16:46.978594Z ==========

[2026-06-11T13:46:47] [INFO] ✅ Environment validation successful
[2026-06-11T13:46:49] [INFO] 
========== TEST RUN STARTED: 2026-06-11T08:16:49.061623Z ==========

[2026-06-11T13:46:49] [INFO] ✅ Environment validation successful
[2026-06-11T13:46:49] [INFO] 
========== TEST RUN STARTED: 2026-06-11T08:16:49.429116Z ==========

[2026-06-11T13:46:49] [INFO] 
========== TEST RUN STARTED: 2026-06-11T08:16:49.678155Z ==========

[2026-06-11T13:46:49] [INFO] ✅ Environment validation successful
[2026-06-11T13:46:50] [INFO] 
========== TEST RUN STARTED: 2026-06-11T08:16:50.047007Z ==========

[2026-06-11T13:46:50] [INFO] ✅ Environment validation successful
[2026-06-11T13:46:50] [INFO] 
========== TEST RUN STARTED: 2026-06-11T08:16:50.302785Z ==========

[2026-06-11T13:46:50] [INFO] ✅ Environment validation successful
[2026-06-11T13:46:50] [INFO] 
========== TEST RUN STARTED: 2026-06-11T08:16:50.516389Z ==========

[2026-06-11T13:46:50] [INFO] ✅ Environment validation successful
[2026-06-11T13:46:50] [INFO] ✅ Environment validation successful
[2026-06-11T13:46:50] [INFO] 
========== TEST RUN STARTED: 2026-06-11T08:16:50.759123Z ==========

[2026-06-11T13:46:50] [INFO] 
========== TEST RUN STARTED: 2026-06-11T08:16:50.920840Z ==========

[2026-06-11T13:46:50] [INFO] ✅ Environment validation successful
[2026-06-11T13:46:51] [INFO] ✅ Environment validation successful
[2026-06-11T13:46:53] [INFO] Step: Executing Bank Transaction API Request | {"title": "AML Alert", "userId": 1}
[2026-06-11T13:46:53] [INFO] API POST Request initiated | {"url": "https://jsonplaceholder.typicode.com/posts", "body": {"title": "AML Alert", "body": "AML Compliance Alert Triggered", "userId": 1}}
[2026-06-11T13:46:54] [INFO] Step: Navigating to login page
[2026-06-11T13:46:54] [INFO] [LoginPage] Navigation attempt 1/3 | {"url": "https://www.saucedemo.com/"}
[2026-06-11T13:46:54] [INFO] Step: Navigating to login page
[2026-06-11T13:46:54] [INFO] [LoginPage] Navigation attempt 1/3 | {"url": "https://www.saucedemo.com/"}
[2026-06-11T13:46:54] [INFO] Step: Navigating to login page
[2026-06-11T13:46:54] [INFO] [LoginPage] Navigation attempt 1/3 | {"url": "https://www.saucedemo.com/"}
[2026-06-11T13:46:54] [INFO] Step: Navigating to login page
[2026-06-11T13:46:54] [INFO] [LoginPage] Navigation attempt 1/3 | {"url": "https://www.saucedemo.com/"}
[2026-06-11T13:46:54] [INFO] Step: Navigating to login page
[2026-06-11T13:46:54] [INFO] [LoginPage] Navigation attempt 1/3 | {"url": "https://www.saucedemo.com/"}
[2026-06-11T13:46:54] [INFO] [LoginPage] Navigation successful | {"attempt": 1}
[2026-06-11T13:46:54] [INFO] Step: Inserting user credentials | {"username": "locked_out_user"}
[2026-06-11T13:46:54] [INFO] [LoginPage] Navigation successful | {"attempt": 1}
[2026-06-11T13:46:54] [INFO] Step: Inserting user credentials | {"username": ""}
[2026-06-11T13:46:54] [INFO] [LoginPage] Navigation successful | {"attempt": 1}
[2026-06-11T13:46:54] [INFO] Step: Inserting user credentials | {"username": "prasad"}
[2026-06-11T13:46:54] [INFO] [LoginPage] Navigation successful | {"attempt": 1}
[2026-06-11T13:46:54] [INFO] Step: Inserting user credentials | {"username": "problem_user"}
[2026-06-11T13:46:55] [INFO] Step: Submitting login form
[2026-06-11T13:46:55] [INFO] Step: Submitting login form
[2026-06-11T13:46:55] [INFO] [LoginPage] Navigation successful | {"attempt": 1}
[2026-06-11T13:46:55] [INFO] Step: Inserting user credentials | {"username": "problem_user"}
[2026-06-11T13:46:55] [INFO] Step: Submitting login form
[2026-06-11T13:46:55] [INFO] Step: Validating login error message
[2026-06-11T13:46:55] [INFO] Step: Validating login error message
[2026-06-11T13:46:55] [INFO] Validating login error message | {"actual": "Epic sadface: Username and password do not match any user in this service", "expected": "Epic sadface: Username and password do not match any user in this service"}
[2026-06-11T13:46:55] [INFO] ✅ Validation Passed: Login error message matches expected value
[2026-06-11T13:46:55] [INFO] Validating login error message | {"actual": "Epic sadface: Password is required", "expected": "Epic sadface: Password is required"}
[2026-06-11T13:46:55] [INFO] ✅ Validation Passed: Login error message matches expected value
[2026-06-11T13:46:55] [INFO] Step: Submitting login form
[2026-06-11T13:46:55] [INFO] Step: Validating login error message
[2026-06-11T13:46:55] [INFO] Step: Validating login error message
[2026-06-11T13:46:56] [INFO] API POST Response received | {"duration": "2119.29ms", "status": 201}
[2026-06-11T13:46:56] [INFO] Step: Validating API HTTP Status | {"actual": 201, "expected": 201}
[2026-06-11T13:46:56] [INFO] Validating HTTP status code | {"actual": 201, "expected": 201}
[2026-06-11T13:46:56] [INFO] ✅ Validation Passed: API Status matches
[2026-06-11T13:46:56] [INFO] Step: Validating transaction ID | {"id": 101}
[2026-06-11T13:46:56] [INFO] Validating transaction ID format | {"id": 101}
[2026-06-11T13:46:56] [INFO] ✅ Validation Passed: Transaction ID is valid and numeric
[2026-06-11T13:46:56] [INFO] Validating login error message | {"actual": "Epic sadface: Sorry, this user has been locked out.", "expected": "Epic sadface: Sorry, this user has been locked out."}
[2026-06-11T13:46:56] [INFO] ✅ Validation Passed: Login error message matches expected value
[2026-06-11T13:46:56] [INFO] Validating login error message | {"actual": "Epic sadface: Username and password do not match any user in this service", "expected": "Epic sadface: Username and password do not match any user in this service"}
[2026-06-11T13:46:56] [INFO] ✅ Validation Passed: Login error message matches expected value
[2026-06-11T13:46:56] [INFO] Step: Submitting login form
[2026-06-11T13:46:56] [INFO] Step: Validating login error message
[2026-06-11T13:46:56] [INFO] Validating login error message | {"actual": "Epic sadface: Username is required", "expected": "Epic sadface: Username is required"}
[2026-06-11T13:46:56] [INFO] ✅ Validation Passed: Login error message matches expected value
[2026-06-11T13:46:58] [INFO] Step: Navigating to login page
[2026-06-11T13:46:58] [INFO] [LoginPage] Navigation attempt 1/3 | {"url": "https://www.saucedemo.com/"}
[2026-06-11T13:46:59] [INFO] [LoginPage] Navigation successful | {"attempt": 1}
[2026-06-11T13:46:59] [INFO] Step: Inserting user credentials | {"username": "problem_user"}
[2026-06-11T13:46:59] [INFO] Step: Navigating to login page
[2026-06-11T13:46:59] [INFO] [LoginPage] Navigation attempt 1/3 | {"url": "https://www.saucedemo.com/"}
[2026-06-11T13:47:00] [INFO] Step: Submitting login form
[2026-06-11T13:47:01] [INFO] Step: Validating login error message
[2026-06-11T13:47:01] [INFO] Validating login error message | {"actual": "Epic sadface: Username and password do not match any user in this service", "expected": "Epic sadface: Username and password do not match any user in this service"}
[2026-06-11T13:47:01] [INFO] ✅ Validation Passed: Login error message matches expected value
[2026-06-11T13:47:01] [INFO] [LoginPage] Navigation successful | {"attempt": 1}
[2026-06-11T13:47:01] [INFO] Step: Inserting user credentials | {"username": "prasad"}
[2026-06-11T13:47:02] [INFO] Step: Navigating to login page
[2026-06-11T13:47:02] [INFO] [LoginPage] Navigation attempt 1/3 | {"url": "https://www.saucedemo.com/"}
[2026-06-11T13:47:02] [INFO] Step: Submitting login form
[2026-06-11T13:47:02] [INFO] Step: Validating login error message
[2026-06-11T13:47:03] [INFO] Validating login error message | {"actual": "Epic sadface: Username and password do not match any user in this service", "expected": "Epic sadface: Username and password do not match any user in this service"}
[2026-06-11T13:47:03] [INFO] ✅ Validation Passed: Login error message matches expected value
[2026-06-11T13:47:03] [INFO] Step: Navigating to login page
[2026-06-11T13:47:03] [INFO] [LoginPage] Navigation attempt 1/3 | {"url": "https://www.saucedemo.com/"}
[2026-06-11T13:47:04] [INFO] [LoginPage] Navigation successful | {"attempt": 1}
[2026-06-11T13:47:04] [INFO] Step: Inserting user credentials | {"username": ""}
[2026-06-11T13:47:04] [INFO] Step: Submitting login form
[2026-06-11T13:47:04] [INFO] Step: Validating login error message
[2026-06-11T13:47:04] [INFO] Validating login error message | {"actual": "Epic sadface: Username is required", "expected": "Epic sadface: Username is required"}
[2026-06-11T13:47:04] [INFO] ✅ Validation Passed: Login error message matches expected value
[2026-06-11T13:47:05] [INFO] [LoginPage] Navigation successful | {"attempt": 1}
[2026-06-11T13:47:05] [INFO] Step: Inserting user credentials | {"username": "locked_out_user"}
[2026-06-11T13:47:06] [INFO] Step: Navigating to login page
[2026-06-11T13:47:06] [INFO] [LoginPage] Navigation attempt 1/3 | {"url": "https://www.saucedemo.com/"}
[2026-06-11T13:47:06] [INFO] Step: Submitting login form
[2026-06-11T13:47:06] [INFO] Step: Validating login error message
[2026-06-11T13:47:06] [INFO] Validating login error message | {"actual": "Epic sadface: Sorry, this user has been locked out.", "expected": "Epic sadface: Sorry, this user has been locked out."}
[2026-06-11T13:47:06] [INFO] ✅ Validation Passed: Login error message matches expected value
[2026-06-11T13:47:07] [INFO] [LoginPage] Navigation successful | {"attempt": 1}
[2026-06-11T13:47:07] [INFO] Step: Inserting user credentials | {"username": "problem_user"}
[2026-06-11T13:47:08] [INFO] Step: Submitting login form
[2026-06-11T13:47:08] [INFO] Step: Validating login error message
[2026-06-11T13:47:08] [INFO] Validating login error message | {"actual": "Epic sadface: Password is required", "expected": "Epic sadface: Password is required"}
[2026-06-11T13:47:08] [INFO] ✅ Validation Passed: Login error message matches expected value
[2026-06-11T13:49:22] [INFO] 
========== TEST RUN STARTED: 2026-06-11T08:19:22.164563Z ==========

[2026-06-11T13:49:22] [INFO] ✅ Environment validation successful
[2026-06-11T13:49:24] [INFO] 
========== TEST RUN STARTED: 2026-06-11T08:19:24.331200Z ==========

[2026-06-11T13:49:24] [INFO] 
========== TEST RUN STARTED: 2026-06-11T08:19:24.703286Z ==========

[2026-06-11T13:49:24] [INFO] ✅ Environment validation successful
[2026-06-11T13:49:24] [INFO] 
========== TEST RUN STARTED: 2026-06-11T08:19:24.932579Z ==========

[2026-06-11T13:49:25] [INFO] ✅ Environment validation successful
[2026-06-11T13:49:25] [INFO] ✅ Environment validation successful
[2026-06-11T13:49:25] [INFO] 
========== TEST RUN STARTED: 2026-06-11T08:19:25.352340Z ==========

[2026-06-11T13:49:25] [INFO] 
========== TEST RUN STARTED: 2026-06-11T08:19:25.530544Z ==========

[2026-06-11T13:49:25] [INFO] ✅ Environment validation successful
[2026-06-11T13:49:25] [INFO] ✅ Environment validation successful
[2026-06-11T13:49:25] [INFO] 
========== TEST RUN STARTED: 2026-06-11T08:19:25.902875Z ==========

[2026-06-11T13:49:26] [INFO] 
========== TEST RUN STARTED: 2026-06-11T08:19:26.022405Z ==========

[2026-06-11T13:49:26] [INFO] ✅ Environment validation successful
[2026-06-11T13:49:26] [INFO] 
========== TEST RUN STARTED: 2026-06-11T08:19:26.204520Z ==========

[2026-06-11T13:49:26] [INFO] ✅ Environment validation successful
[2026-06-11T13:49:26] [INFO] ✅ Environment validation successful
[2026-06-11T13:49:29] [INFO] Step: Navigating to login page
[2026-06-11T13:49:29] [INFO] [LoginPage] Navigation attempt 1/3 | {"url": "https://www.saucedemo.com/"}
[2026-06-11T13:49:29] [INFO] Step: Navigating to login page
[2026-06-11T13:49:29] [INFO] [LoginPage] Navigation attempt 1/3 | {"url": "https://www.saucedemo.com/"}
[2026-06-11T13:49:29] [INFO] Step: Navigating to login page
[2026-06-11T13:49:29] [INFO] [LoginPage] Navigation attempt 1/3 | {"url": "https://www.saucedemo.com/"}
[2026-06-11T13:49:29] [INFO] Step: Navigating to login page
[2026-06-11T13:49:29] [INFO] [LoginPage] Navigation attempt 1/3 | {"url": "https://www.saucedemo.com/"}
[2026-06-11T13:49:29] [INFO] Step: Executing Bank Transaction API Request | {"title": "AML Alert", "userId": 1}
[2026-06-11T13:49:29] [INFO] API POST Request initiated | {"url": "https://jsonplaceholder.typicode.com/posts", "body": {"title": "AML Alert", "body": "AML Compliance Alert Triggered", "userId": 1}}
[2026-06-11T13:49:30] [INFO] Step: Navigating to login page
[2026-06-11T13:49:30] [INFO] [LoginPage] Navigation attempt 1/3 | {"url": "https://www.saucedemo.com/"}
[2026-06-11T13:49:30] [INFO] [LoginPage] Navigation successful | {"attempt": 1}
[2026-06-11T13:49:30] [INFO] Step: Inserting user credentials | {"username": "prasad"}
[2026-06-11T13:49:30] [INFO] [LoginPage] Navigation successful | {"attempt": 1}
[2026-06-11T13:49:30] [INFO] Step: Inserting user credentials | {"username": "locked_out_user"}
[2026-06-11T13:49:30] [INFO] [LoginPage] Navigation successful | {"attempt": 1}
[2026-06-11T13:49:30] [INFO] Step: Inserting user credentials | {"username": "problem_user"}
[2026-06-11T13:49:30] [INFO] [LoginPage] Navigation successful | {"attempt": 1}
[2026-06-11T13:49:30] [INFO] Step: Inserting user credentials | {"username": ""}
[2026-06-11T13:49:30] [INFO] Step: Submitting login form
[2026-06-11T13:49:30] [INFO] Step: Validating login error message
[2026-06-11T13:49:30] [INFO] Step: Submitting login form
[2026-06-11T13:49:30] [INFO] Validating login error message | {"actual": "Epic sadface: Username and password do not match any user in this service", "expected": "Epic sadface: Username and password do not match any user in this service"}
[2026-06-11T13:49:30] [INFO] ✅ Validation Passed: Login error message matches expected value
[2026-06-11T13:49:31] [INFO] Step: Validating login error message
[2026-06-11T13:49:31] [INFO] Step: Submitting login form
[2026-06-11T13:49:31] [INFO] Validating login error message | {"actual": "Epic sadface: Sorry, this user has been locked out.", "expected": "Epic sadface: Sorry, this user has been locked out."}
[2026-06-11T13:49:31] [INFO] ✅ Validation Passed: Login error message matches expected value
[2026-06-11T13:49:31] [INFO] Step: Validating login error message
[2026-06-11T13:49:31] [INFO] Validating login error message | {"actual": "Epic sadface: Username is required", "expected": "Epic sadface: Username is required"}
[2026-06-11T13:49:31] [INFO] ✅ Validation Passed: Login error message matches expected value
[2026-06-11T13:49:31] [INFO] [LoginPage] Navigation successful | {"attempt": 1}
[2026-06-11T13:49:31] [INFO] Step: Inserting user credentials | {"username": "problem_user"}
[2026-06-11T13:49:31] [INFO] Step: Submitting login form
[2026-06-11T13:49:32] [INFO] Step: Validating login error message
[2026-06-11T13:49:32] [INFO] Validating login error message | {"actual": "Epic sadface: Username and password do not match any user in this service", "expected": "Epic sadface: Username and password do not match any user in this service"}
[2026-06-11T13:49:32] [INFO] ✅ Validation Passed: Login error message matches expected value
[2026-06-11T13:49:32] [INFO] Step: Submitting login form
[2026-06-11T13:49:32] [INFO] API POST Response received | {"duration": "2882.52ms", "status": 201}
[2026-06-11T13:49:32] [INFO] Step: Validating API HTTP Status | {"actual": 201, "expected": 201}
[2026-06-11T13:49:32] [INFO] Validating HTTP status code | {"actual": 201, "expected": 201}
[2026-06-11T13:49:32] [INFO] ✅ Validation Passed: API Status matches
[2026-06-11T13:49:32] [INFO] Step: Validating transaction ID | {"id": 101}
[2026-06-11T13:49:32] [INFO] Validating transaction ID format | {"id": 101}
[2026-06-11T13:49:32] [INFO] ✅ Validation Passed: Transaction ID is valid and numeric
[2026-06-11T13:49:32] [INFO] Step: Validating login error message
[2026-06-11T13:49:32] [INFO] Validating login error message | {"actual": "Epic sadface: Password is required", "expected": "Epic sadface: Password is required"}
[2026-06-11T13:49:32] [INFO] ✅ Validation Passed: Login error message matches expected value
[2026-06-11T13:49:33] [INFO] Step: Navigating to login page
[2026-06-11T13:49:33] [INFO] [LoginPage] Navigation attempt 1/3 | {"url": "https://www.saucedemo.com/"}
[2026-06-11T13:49:35] [INFO] [LoginPage] Navigation successful | {"attempt": 1}
[2026-06-11T13:49:35] [INFO] Step: Inserting user credentials | {"username": "problem_user"}
[2026-06-11T13:49:35] [INFO] Step: Navigating to login page
[2026-06-11T13:49:35] [INFO] [LoginPage] Navigation attempt 1/3 | {"url": "https://www.saucedemo.com/"}
[2026-06-11T13:49:36] [INFO] Step: Submitting login form
[2026-06-11T13:49:36] [INFO] Step: Validating login error message
[2026-06-11T13:49:36] [INFO] Validating login error message | {"actual": "Epic sadface: Username and password do not match any user in this service", "expected": "Epic sadface: Username and password do not match any user in this service"}
[2026-06-11T13:49:36] [INFO] ✅ Validation Passed: Login error message matches expected value
[2026-06-11T13:49:37] [INFO] [LoginPage] Navigation successful | {"attempt": 1}
[2026-06-11T13:49:37] [INFO] Step: Inserting user credentials | {"username": "prasad"}
[2026-06-11T13:49:38] [INFO] Step: Submitting login form
[2026-06-11T13:49:38] [INFO] Step: Validating login error message
[2026-06-11T13:49:38] [INFO] Validating login error message | {"actual": "Epic sadface: Username and password do not match any user in this service", "expected": "Epic sadface: Username and password do not match any user in this service"}
[2026-06-11T13:49:38] [INFO] ✅ Validation Passed: Login error message matches expected value
[2026-06-11T13:49:38] [INFO] Step: Navigating to login page
[2026-06-11T13:49:38] [INFO] [LoginPage] Navigation attempt 1/3 | {"url": "https://www.saucedemo.com/"}
[2026-06-11T13:49:40] [INFO] Step: Navigating to login page
[2026-06-11T13:49:40] [INFO] [LoginPage] Navigation attempt 1/3 | {"url": "https://www.saucedemo.com/"}
[2026-06-11T13:49:40] [INFO] [LoginPage] Navigation successful | {"attempt": 1}
[2026-06-11T13:49:40] [INFO] Step: Inserting user credentials | {"username": "locked_out_user"}
[2026-06-11T13:49:41] [INFO] Step: Submitting login form
[2026-06-11T13:49:41] [INFO] Step: Validating login error message
[2026-06-11T13:49:41] [INFO] Validating login error message | {"actual": "Epic sadface: Sorry, this user has been locked out.", "expected": "Epic sadface: Sorry, this user has been locked out."}
[2026-06-11T13:49:41] [INFO] ✅ Validation Passed: Login error message matches expected value
[2026-06-11T13:49:41] [INFO] [LoginPage] Navigation successful | {"attempt": 1}
[2026-06-11T13:49:41] [INFO] Step: Inserting user credentials | {"username": ""}
[2026-06-11T13:49:41] [INFO] Step: Navigating to login page
[2026-06-11T13:49:41] [INFO] [LoginPage] Navigation attempt 1/3 | {"url": "https://www.saucedemo.com/"}
[2026-06-11T13:49:42] [INFO] Step: Submitting login form
[2026-06-11T13:49:42] [INFO] Step: Validating login error message
[2026-06-11T13:49:42] [INFO] Validating login error message | {"actual": "Epic sadface: Username is required", "expected": "Epic sadface: Username is required"}
[2026-06-11T13:49:42] [INFO] ✅ Validation Passed: Login error message matches expected value
[2026-06-11T13:49:43] [INFO] [LoginPage] Navigation successful | {"attempt": 1}
[2026-06-11T13:49:43] [INFO] Step: Inserting user credentials | {"username": "problem_user"}
[2026-06-11T13:49:43] [INFO] Step: Submitting login form
[2026-06-11T13:49:44] [INFO] Step: Validating login error message
[2026-06-11T13:49:44] [INFO] Validating login error message | {"actual": "Epic sadface: Password is required", "expected": "Epic sadface: Password is required"}
[2026-06-11T13:49:44] [INFO] ✅ Validation Passed: Login error message matches expected value
[2026-06-11T13:53:45] [INFO] 
========== TEST RUN STARTED: 2026-06-11T08:23:45.620581Z ==========

[2026-06-11T13:53:45] [INFO] ✅ Environment validation successful
[2026-06-11T13:53:47] [INFO] 
========== TEST RUN STARTED: 2026-06-11T08:23:47.968603Z ==========

[2026-06-11T13:53:48] [INFO] 
========== TEST RUN STARTED: 2026-06-11T08:23:48.259456Z ==========

[2026-06-11T13:53:48] [INFO] ✅ Environment validation successful
[2026-06-11T13:53:48] [INFO] 
========== TEST RUN STARTED: 2026-06-11T08:23:48.610022Z ==========

[2026-06-11T13:53:48] [INFO] ✅ Environment validation successful
[2026-06-11T13:53:49] [INFO] ✅ Environment validation successful
[2026-06-11T13:53:49] [INFO] 
========== TEST RUN STARTED: 2026-06-11T08:23:49.237002Z ==========

[2026-06-11T13:53:49] [INFO] 
========== TEST RUN STARTED: 2026-06-11T08:23:49.270148Z ==========

[2026-06-11T13:53:49] [INFO] 
========== TEST RUN STARTED: 2026-06-11T08:23:49.499605Z ==========

[2026-06-11T13:53:49] [INFO] ✅ Environment validation successful
[2026-06-11T13:53:49] [INFO] ✅ Environment validation successful
[2026-06-11T13:53:49] [INFO] 
========== TEST RUN STARTED: 2026-06-11T08:23:49.695796Z ==========

[2026-06-11T13:53:49] [INFO] ✅ Environment validation successful
[2026-06-11T13:53:49] [INFO] 
========== TEST RUN STARTED: 2026-06-11T08:23:49.876315Z ==========

[2026-06-11T13:53:49] [INFO] ✅ Environment validation successful
[2026-06-11T13:53:50] [INFO] ✅ Environment validation successful
[2026-06-11T13:53:53] [INFO] Step: Navigating to login page
[2026-06-11T13:53:53] [INFO] Step: Navigating to login page
[2026-06-11T13:53:53] [INFO] [LoginPage] Navigation attempt 1/3 | {"url": "https://www.saucedemo.com/"}
[2026-06-11T13:53:53] [INFO] [LoginPage] Navigation attempt 1/3 | {"url": "https://www.saucedemo.com/"}
[2026-06-11T13:53:53] [INFO] Step: Navigating to login page
[2026-06-11T13:53:53] [INFO] [LoginPage] Navigation attempt 1/3 | {"url": "https://www.saucedemo.com/"}
[2026-06-11T13:53:53] [INFO] Step: Executing Bank Transaction API Request | {"title": "AML Alert", "userId": 1}
[2026-06-11T13:53:53] [INFO] API POST Request initiated | {"url": "https://jsonplaceholder.typicode.com/posts", "body": {"title": "AML Alert", "body": "AML Compliance Alert Triggered", "userId": 1}}
[2026-06-11T13:53:53] [INFO] Step: Navigating to login page
[2026-06-11T13:53:53] [INFO] [LoginPage] Navigation attempt 1/3 | {"url": "https://www.saucedemo.com/"}
[2026-06-11T13:53:53] [INFO] Step: Navigating to login page
[2026-06-11T13:53:53] [INFO] [LoginPage] Navigation attempt 1/3 | {"url": "https://www.saucedemo.com/"}
[2026-06-11T13:53:54] [INFO] [LoginPage] Navigation successful | {"attempt": 1}
[2026-06-11T13:53:54] [INFO] Step: Inserting user credentials | {"username": "problem_user"}
[2026-06-11T13:53:54] [INFO] [LoginPage] Navigation successful | {"attempt": 1}
[2026-06-11T13:53:54] [INFO] Step: Inserting user credentials | {"username": "prasad"}
[2026-06-11T13:53:54] [INFO] [LoginPage] Navigation successful | {"attempt": 1}
[2026-06-11T13:53:54] [INFO] Step: Inserting user credentials | {"username": ""}
[2026-06-11T13:53:54] [INFO] [LoginPage] Navigation successful | {"attempt": 1}
[2026-06-11T13:53:54] [INFO] Step: Inserting user credentials | {"username": "problem_user"}
[2026-06-11T13:53:54] [INFO] [LoginPage] Navigation successful | {"attempt": 1}
[2026-06-11T13:53:54] [INFO] Step: Inserting user credentials | {"username": "locked_out_user"}
[2026-06-11T13:53:54] [INFO] Step: Submitting login form
[2026-06-11T13:53:54] [INFO] Step: Submitting login form
[2026-06-11T13:53:54] [INFO] Step: Submitting login form
[2026-06-11T13:53:54] [INFO] Step: Validating login error message
[2026-06-11T13:53:54] [INFO] Step: Validating login error message
[2026-06-11T13:53:54] [INFO] Step: Validating login error message
[2026-06-11T13:53:54] [INFO] Validating login error message | {"actual": "Epic sadface: Password is required", "expected": "Epic sadface: Password is required"}
[2026-06-11T13:53:54] [INFO] ✅ Validation Passed: Login error message matches expected value
[2026-06-11T13:53:54] [INFO] Validating login error message | {"actual": "Epic sadface: Username is required", "expected": "Epic sadface: Username is required"}
[2026-06-11T13:53:54] [INFO] ✅ Validation Passed: Login error message matches expected value
[2026-06-11T13:53:54] [INFO] Validating login error message | {"actual": "Epic sadface: Username and password do not match any user in this service", "expected": "Epic sadface: Username and password do not match any user in this service"}
[2026-06-11T13:53:54] [INFO] ✅ Validation Passed: Login error message matches expected value
[2026-06-11T13:53:55] [INFO] Step: Submitting login form
[2026-06-11T13:53:55] [INFO] API POST Response received | {"duration": "1981.83ms", "status": 201}
[2026-06-11T13:53:55] [INFO] Step: Validating API HTTP Status | {"actual": 201, "expected": 201}
[2026-06-11T13:53:55] [INFO] Validating HTTP status code | {"actual": 201, "expected": 201}
[2026-06-11T13:53:55] [INFO] ✅ Validation Passed: API Status matches
[2026-06-11T13:53:55] [INFO] Step: Validating transaction ID | {"id": 101}
[2026-06-11T13:53:55] [INFO] Validating transaction ID format | {"id": 101}
[2026-06-11T13:53:55] [INFO] ✅ Validation Passed: Transaction ID is valid and numeric
[2026-06-11T13:53:55] [INFO] Step: Validating login error message
[2026-06-11T13:53:55] [INFO] Validating login error message | {"actual": "Epic sadface: Sorry, this user has been locked out.", "expected": "Epic sadface: Sorry, this user has been locked out."}
[2026-06-11T13:53:55] [INFO] ✅ Validation Passed: Login error message matches expected value
[2026-06-11T13:53:55] [INFO] Step: Submitting login form
[2026-06-11T13:53:56] [INFO] Step: Validating login error message
[2026-06-11T13:53:56] [INFO] Validating login error message | {"actual": "Epic sadface: Username and password do not match any user in this service", "expected": "Epic sadface: Username and password do not match any user in this service"}
[2026-06-11T13:53:56] [INFO] ✅ Validation Passed: Login error message matches expected value
[2026-06-11T13:53:57] [INFO] Step: Navigating to login page
[2026-06-11T13:53:57] [INFO] [LoginPage] Navigation attempt 1/3 | {"url": "https://www.saucedemo.com/"}
[2026-06-11T13:53:58] [INFO] [LoginPage] Navigation successful | {"attempt": 1}
[2026-06-11T13:53:58] [INFO] Step: Inserting user credentials | {"username": "prasad"}
[2026-06-11T13:53:59] [INFO] Step: Navigating to login page
[2026-06-11T13:53:59] [INFO] [LoginPage] Navigation attempt 1/3 | {"url": "https://www.saucedemo.com/"}
[2026-06-11T13:54:00] [INFO] Step: Submitting login form
[2026-06-11T13:54:00] [INFO] Step: Validating login error message
[2026-06-11T13:54:00] [INFO] Validating login error message | {"actual": "Epic sadface: Username and password do not match any user in this service", "expected": "Epic sadface: Username and password do not match any user in this service"}
[2026-06-11T13:54:00] [INFO] ✅ Validation Passed: Login error message matches expected value
[2026-06-11T13:54:00] [INFO] [LoginPage] Navigation successful | {"attempt": 1}
[2026-06-11T13:54:00] [INFO] Step: Inserting user credentials | {"username": "problem_user"}
[2026-06-11T13:54:01] [INFO] Step: Submitting login form
[2026-06-11T13:54:01] [INFO] Step: Navigating to login page
[2026-06-11T13:54:01] [INFO] [LoginPage] Navigation attempt 1/3 | {"url": "https://www.saucedemo.com/"}
[2026-06-11T13:54:01] [INFO] Step: Validating login error message
[2026-06-11T13:54:02] [INFO] Validating login error message | {"actual": "Epic sadface: Username and password do not match any user in this service", "expected": "Epic sadface: Username and password do not match any user in this service"}
[2026-06-11T13:54:02] [INFO] ✅ Validation Passed: Login error message matches expected value
[2026-06-11T13:54:03] [INFO] [LoginPage] Navigation successful | {"attempt": 1}
[2026-06-11T13:54:03] [INFO] Step: Inserting user credentials | {"username": ""}
[2026-06-11T13:54:04] [INFO] Step: Navigating to login page
[2026-06-11T13:54:04] [INFO] [LoginPage] Navigation attempt 1/3 | {"url": "https://www.saucedemo.com/"}
[2026-06-11T13:54:04] [INFO] Step: Submitting login form
[2026-06-11T13:54:04] [INFO] Step: Validating login error message
[2026-06-11T13:54:04] [INFO] Validating login error message | {"actual": "Epic sadface: Username is required", "expected": "Epic sadface: Username is required"}
[2026-06-11T13:54:04] [INFO] ✅ Validation Passed: Login error message matches expected value
[2026-06-11T13:54:05] [INFO] [LoginPage] Navigation successful | {"attempt": 1}
[2026-06-11T13:54:05] [INFO] Step: Inserting user credentials | {"username": "problem_user"}
[2026-06-11T13:54:05] [INFO] Step: Navigating to login page
[2026-06-11T13:54:05] [INFO] [LoginPage] Navigation attempt 1/3 | {"url": "https://www.saucedemo.com/"}
[2026-06-11T13:54:06] [INFO] Step: Submitting login form
[2026-06-11T13:54:06] [INFO] Step: Validating login error message
[2026-06-11T13:54:06] [INFO] Validating login error message | {"actual": "Epic sadface: Password is required", "expected": "Epic sadface: Password is required"}
[2026-06-11T13:54:06] [INFO] ✅ Validation Passed: Login error message matches expected value
[2026-06-11T13:54:07] [INFO] [LoginPage] Navigation successful | {"attempt": 1}
[2026-06-11T13:54:07] [INFO] Step: Inserting user credentials | {"username": "locked_out_user"}
[2026-06-11T13:54:07] [INFO] Step: Submitting login form
[2026-06-11T13:54:08] [INFO] Step: Validating login error message
[2026-06-11T13:54:08] [INFO] Validating login error message | {"actual": "Epic sadface: Sorry, this user has been locked out.", "expected": "Epic sadface: Sorry, this user has been locked out."}
[2026-06-11T13:54:08] [INFO] ✅ Validation Passed: Login error message matches expected value
[2026-06-11T13:55:47] [INFO] 
========== TEST RUN STARTED: 2026-06-11T08:25:47.389103Z ==========

[2026-06-11T13:55:47] [INFO] ✅ Environment validation successful
[2026-06-11T13:55:49] [INFO] 
========== TEST RUN STARTED: 2026-06-11T08:25:49.550478Z ==========

[2026-06-11T13:55:49] [INFO] 
========== TEST RUN STARTED: 2026-06-11T08:25:49.867459Z ==========

[2026-06-11T13:55:49] [INFO] ✅ Environment validation successful
[2026-06-11T13:55:50] [INFO] 
========== TEST RUN STARTED: 2026-06-11T08:25:50.205031Z ==========

[2026-06-11T13:55:50] [INFO] ✅ Environment validation successful
[2026-06-11T13:55:50] [INFO] 
========== TEST RUN STARTED: 2026-06-11T08:25:50.482983Z ==========

[2026-06-11T13:55:50] [INFO] ✅ Environment validation successful
[2026-06-11T13:55:50] [INFO] 
========== TEST RUN STARTED: 2026-06-11T08:25:50.810503Z ==========

[2026-06-11T13:55:50] [INFO] ✅ Environment validation successful
[2026-06-11T13:55:51] [INFO] 
========== TEST RUN STARTED: 2026-06-11T08:25:51.013810Z ==========

[2026-06-11T13:55:51] [INFO] ✅ Environment validation successful
[2026-06-11T13:55:51] [INFO] 
========== TEST RUN STARTED: 2026-06-11T08:25:51.177247Z ==========

[2026-06-11T13:55:51] [INFO] ✅ Environment validation successful
[2026-06-11T13:55:51] [INFO] 
========== TEST RUN STARTED: 2026-06-11T08:25:51.370821Z ==========

[2026-06-11T13:55:51] [INFO] ✅ Environment validation successful
[2026-06-11T13:55:51] [INFO] ✅ Environment validation successful
[2026-06-11T13:55:54] [INFO] Step: Navigating to login page
[2026-06-11T13:55:54] [INFO] [LoginPage] Navigation attempt 1/3 | {"url": "https://www.saucedemo.com/"}
[2026-06-11T13:55:54] [INFO] Step: Executing Bank Transaction API Request | {"title": "AML Alert", "userId": 1}
[2026-06-11T13:55:54] [INFO] API POST Request initiated | {"url": "https://jsonplaceholder.typicode.com/posts", "body": {"title": "AML Alert", "body": "AML Compliance Alert Triggered", "userId": 1}}
[2026-06-11T13:55:54] [INFO] Step: Navigating to login page
[2026-06-11T13:55:54] [INFO] [LoginPage] Navigation attempt 1/3 | {"url": "https://www.saucedemo.com/"}
[2026-06-11T13:55:54] [INFO] Step: Navigating to login page
[2026-06-11T13:55:54] [INFO] [LoginPage] Navigation attempt 1/3 | {"url": "https://www.saucedemo.com/"}
[2026-06-11T13:55:54] [INFO] Step: Navigating to login page
[2026-06-11T13:55:54] [INFO] [LoginPage] Navigation attempt 1/3 | {"url": "https://www.saucedemo.com/"}
[2026-06-11T13:55:54] [INFO] Step: Navigating to login page
[2026-06-11T13:55:54] [INFO] [LoginPage] Navigation attempt 1/3 | {"url": "https://www.saucedemo.com/"}
[2026-06-11T13:55:55] [INFO] [LoginPage] Navigation successful | {"attempt": 1}
[2026-06-11T13:55:55] [INFO] Step: Inserting user credentials | {"username": "problem_user"}
[2026-06-11T13:55:55] [INFO] [LoginPage] Navigation successful | {"attempt": 1}
[2026-06-11T13:55:55] [INFO] Step: Inserting user credentials | {"username": ""}
[2026-06-11T13:55:55] [INFO] [LoginPage] Navigation successful | {"attempt": 1}
[2026-06-11T13:55:55] [INFO] Step: Inserting user credentials | {"username": "problem_user"}
[2026-06-11T13:55:55] [INFO] [LoginPage] Navigation successful | {"attempt": 1}
[2026-06-11T13:55:55] [INFO] Step: Inserting user credentials | {"username": "prasad"}
[2026-06-11T13:55:55] [INFO] [LoginPage] Navigation successful | {"attempt": 1}
[2026-06-11T13:55:55] [INFO] Step: Inserting user credentials | {"username": "locked_out_user"}
[2026-06-11T13:55:55] [INFO] Step: Submitting login form
[2026-06-11T13:55:55] [INFO] Step: Submitting login form
[2026-06-11T13:55:56] [INFO] Step: Validating login error message
[2026-06-11T13:55:56] [INFO] Step: Submitting login form
[2026-06-11T13:55:56] [INFO] Step: Submitting login form
[2026-06-11T13:55:56] [INFO] Validating login error message | {"actual": "Epic sadface: Username is required", "expected": "Epic sadface: Username is required"}
[2026-06-11T13:55:56] [INFO] ✅ Validation Passed: Login error message matches expected value
[2026-06-11T13:55:56] [INFO] Step: Validating login error message
[2026-06-11T13:55:56] [INFO] Step: Submitting login form
[2026-06-11T13:55:56] [INFO] Validating login error message | {"actual": "Epic sadface: Password is required", "expected": "Epic sadface: Password is required"}
[2026-06-11T13:55:56] [INFO] ✅ Validation Passed: Login error message matches expected value
[2026-06-11T13:55:56] [INFO] Step: Validating login error message
[2026-06-11T13:55:56] [INFO] Step: Validating login error message
[2026-06-11T13:55:56] [INFO] Step: Validating login error message
[2026-06-11T13:55:56] [INFO] Validating login error message | {"actual": "Epic sadface: Username and password do not match any user in this service", "expected": "Epic sadface: Username and password do not match any user in this service"}
[2026-06-11T13:55:56] [INFO] ✅ Validation Passed: Login error message matches expected value
[2026-06-11T13:55:56] [INFO] Validating login error message | {"actual": "Epic sadface: Sorry, this user has been locked out.", "expected": "Epic sadface: Sorry, this user has been locked out."}
[2026-06-11T13:55:56] [INFO] Validating login error message | {"actual": "Epic sadface: Username and password do not match any user in this service", "expected": "Epic sadface: Username and password do not match any user in this service"}
[2026-06-11T13:55:56] [INFO] ✅ Validation Passed: Login error message matches expected value
[2026-06-11T13:55:56] [INFO] ✅ Validation Passed: Login error message matches expected value
[2026-06-11T13:55:57] [INFO] API POST Response received | {"duration": "2766.34ms", "status": 201}
[2026-06-11T13:55:57] [INFO] Step: Validating API HTTP Status | {"actual": 201, "expected": 201}
[2026-06-11T13:55:57] [INFO] Validating HTTP status code | {"actual": 201, "expected": 201}
[2026-06-11T13:55:57] [INFO] ✅ Validation Passed: API Status matches
[2026-06-11T13:55:57] [INFO] Step: Validating transaction ID | {"id": 101}
[2026-06-11T13:55:57] [INFO] Validating transaction ID format | {"id": 101}
[2026-06-11T13:55:57] [INFO] ✅ Validation Passed: Transaction ID is valid and numeric
[2026-06-11T13:55:59] [INFO] Step: Navigating to login page
[2026-06-11T13:55:59] [INFO] [LoginPage] Navigation attempt 1/3 | {"url": "https://www.saucedemo.com/"}
[2026-06-11T13:56:00] [INFO] [LoginPage] Navigation successful | {"attempt": 1}
[2026-06-11T13:56:00] [INFO] Step: Inserting user credentials | {"username": "problem_user"}
[2026-06-11T13:56:00] [INFO] Step: Navigating to login page
[2026-06-11T13:56:00] [INFO] [LoginPage] Navigation attempt 1/3 | {"url": "https://www.saucedemo.com/"}
[2026-06-11T13:56:01] [INFO] Step: Submitting login form
[2026-06-11T13:56:01] [INFO] Step: Validating login error message
[2026-06-11T13:56:02] [INFO] Validating login error message | {"actual": "Epic sadface: Username and password do not match any user in this service", "expected": "Epic sadface: Username and password do not match any user in this service"}
[2026-06-11T13:56:02] [INFO] ✅ Validation Passed: Login error message matches expected value
[2026-06-11T13:56:02] [INFO] Step: Navigating to login page
[2026-06-11T13:56:02] [INFO] [LoginPage] Navigation attempt 1/3 | {"url": "https://www.saucedemo.com/"}
[2026-06-11T13:56:02] [INFO] [LoginPage] Navigation successful | {"attempt": 1}
[2026-06-11T13:56:02] [INFO] Step: Inserting user credentials | {"username": "prasad"}
[2026-06-11T13:56:03] [INFO] Step: Submitting login form
[2026-06-11T13:56:03] [INFO] Step: Validating login error message
[2026-06-11T13:56:03] [INFO] Validating login error message | {"actual": "Epic sadface: Username and password do not match any user in this service", "expected": "Epic sadface: Username and password do not match any user in this service"}
[2026-06-11T13:56:03] [INFO] ✅ Validation Passed: Login error message matches expected value
[2026-06-11T13:56:04] [INFO] [LoginPage] Navigation successful | {"attempt": 1}
[2026-06-11T13:56:04] [INFO] Step: Inserting user credentials | {"username": ""}
[2026-06-11T13:56:05] [INFO] Step: Navigating to login page
[2026-06-11T13:56:05] [INFO] [LoginPage] Navigation attempt 1/3 | {"url": "https://www.saucedemo.com/"}
[2026-06-11T13:56:05] [INFO] Step: Submitting login form
[2026-06-11T13:56:05] [INFO] Step: Validating login error message
[2026-06-11T13:56:05] [INFO] Validating login error message | {"actual": "Epic sadface: Username is required", "expected": "Epic sadface: Username is required"}
[2026-06-11T13:56:05] [INFO] ✅ Validation Passed: Login error message matches expected value
[2026-06-11T13:56:06] [INFO] [LoginPage] Navigation successful | {"attempt": 1}
[2026-06-11T13:56:06] [INFO] Step: Inserting user credentials | {"username": "locked_out_user"}
[2026-06-11T13:56:06] [INFO] Step: Navigating to login page
[2026-06-11T13:56:06] [INFO] [LoginPage] Navigation attempt 1/3 | {"url": "https://www.saucedemo.com/"}
[2026-06-11T13:56:07] [INFO] Step: Submitting login form
[2026-06-11T13:56:07] [INFO] Step: Validating login error message
[2026-06-11T13:56:07] [INFO] Validating login error message | {"actual": "Epic sadface: Sorry, this user has been locked out.", "expected": "Epic sadface: Sorry, this user has been locked out."}
[2026-06-11T13:56:07] [INFO] ✅ Validation Passed: Login error message matches expected value
[2026-06-11T13:56:08] [INFO] [LoginPage] Navigation successful | {"attempt": 1}
[2026-06-11T13:56:08] [INFO] Step: Inserting user credentials | {"username": "problem_user"}
[2026-06-11T13:56:09] [INFO] Step: Submitting login form
[2026-06-11T13:56:09] [INFO] Step: Validating login error message
[2026-06-11T13:56:09] [INFO] Validating login error message | {"actual": "Epic sadface: Password is required", "expected": "Epic sadface: Password is required"}
[2026-06-11T13:56:09] [INFO] ✅ Validation Passed: Login error message matches expected value
[2026-06-11T13:58:19] [INFO] 
========== TEST RUN STARTED: 2026-06-11T08:28:19.923142Z ==========

[2026-06-11T13:58:20] [INFO] ✅ Environment validation successful
[2026-06-11T13:58:22] [INFO] 
========== TEST RUN STARTED: 2026-06-11T08:28:22.148206Z ==========

[2026-06-11T13:58:22] [INFO] 
========== TEST RUN STARTED: 2026-06-11T08:28:22.437527Z ==========

[2026-06-11T13:58:22] [INFO] ✅ Environment validation successful
[2026-06-11T13:58:22] [INFO] 
========== TEST RUN STARTED: 2026-06-11T08:28:22.813019Z ==========

[2026-06-11T13:58:22] [INFO] ✅ Environment validation successful
[2026-06-11T13:58:23] [INFO] ✅ Environment validation successful
[2026-06-11T13:58:23] [INFO] 
========== TEST RUN STARTED: 2026-06-11T08:28:23.261196Z ==========

[2026-06-11T13:58:23] [INFO] 
========== TEST RUN STARTED: 2026-06-11T08:28:23.457960Z ==========

[2026-06-11T13:58:23] [INFO] ✅ Environment validation successful
[2026-06-11T13:58:23] [INFO] ✅ Environment validation successful
[2026-06-11T13:58:23] [INFO] 
========== TEST RUN STARTED: 2026-06-11T08:28:23.871736Z ==========

[2026-06-11T13:58:23] [INFO] 
========== TEST RUN STARTED: 2026-06-11T08:28:23.913720Z ==========

[2026-06-11T13:58:24] [INFO] ✅ Environment validation successful
[2026-06-11T13:58:24] [INFO] 
========== TEST RUN STARTED: 2026-06-11T08:28:24.129862Z ==========

[2026-06-11T13:58:24] [INFO] ✅ Environment validation successful
[2026-06-11T13:58:24] [INFO] ✅ Environment validation successful
[2026-06-11T13:58:27] [INFO] Step: Executing Bank Transaction API Request | {"title": "AML Alert", "userId": 1}
[2026-06-11T13:58:27] [INFO] API POST Request initiated | {"url": "https://jsonplaceholder.typicode.com/posts", "body": {"title": "AML Alert", "body": "AML Compliance Alert Triggered", "userId": 1}}
[2026-06-11T13:58:27] [INFO] Step: Navigating to login page
[2026-06-11T13:58:27] [INFO] [LoginPage] Navigation attempt 1/3 | {"url": "https://www.saucedemo.com/"}
[2026-06-11T13:58:27] [INFO] Step: Navigating to login page
[2026-06-11T13:58:27] [INFO] [LoginPage] Navigation attempt 1/3 | {"url": "https://www.saucedemo.com/"}
[2026-06-11T13:58:28] [INFO] Step: Navigating to login page
[2026-06-11T13:58:28] [INFO] [LoginPage] Navigation attempt 1/3 | {"url": "https://www.saucedemo.com/"}
[2026-06-11T13:58:28] [INFO] Step: Navigating to login page
[2026-06-11T13:58:28] [INFO] [LoginPage] Navigation attempt 1/3 | {"url": "https://www.saucedemo.com/"}
[2026-06-11T13:58:28] [INFO] Step: Navigating to login page
[2026-06-11T13:58:28] [INFO] [LoginPage] Navigation attempt 1/3 | {"url": "https://www.saucedemo.com/"}
[2026-06-11T13:58:28] [INFO] [LoginPage] Navigation successful | {"attempt": 1}
[2026-06-11T13:58:28] [INFO] Step: Inserting user credentials | {"username": ""}
[2026-06-11T13:58:28] [INFO] [LoginPage] Navigation successful | {"attempt": 1}
[2026-06-11T13:58:28] [INFO] Step: Inserting user credentials | {"username": "problem_user"}
[2026-06-11T13:58:28] [INFO] [LoginPage] Navigation successful | {"attempt": 1}
[2026-06-11T13:58:28] [INFO] Step: Inserting user credentials | {"username": "prasad"}
[2026-06-11T13:58:28] [INFO] [LoginPage] Navigation successful | {"attempt": 1}
[2026-06-11T13:58:28] [INFO] Step: Inserting user credentials | {"username": "locked_out_user"}
[2026-06-11T13:58:29] [INFO] Step: Submitting login form
[2026-06-11T13:58:29] [INFO] Step: Submitting login form
[2026-06-11T13:58:29] [INFO] [LoginPage] Navigation successful | {"attempt": 1}
[2026-06-11T13:58:29] [INFO] Step: Inserting user credentials | {"username": "problem_user"}
[2026-06-11T13:58:29] [INFO] Step: Submitting login form
[2026-06-11T13:58:29] [INFO] Step: Validating login error message
[2026-06-11T13:58:29] [INFO] Step: Validating login error message
[2026-06-11T13:58:29] [INFO] Step: Validating login error message
[2026-06-11T13:58:29] [INFO] Validating login error message | {"actual": "Epic sadface: Password is required", "expected": "Epic sadface: Password is required"}
[2026-06-11T13:58:29] [INFO] ✅ Validation Passed: Login error message matches expected value
[2026-06-11T13:58:29] [INFO] Validating login error message | {"actual": "Epic sadface: Username is required", "expected": "Epic sadface: Username is required"}
[2026-06-11T13:58:29] [INFO] ✅ Validation Passed: Login error message matches expected value
[2026-06-11T13:58:29] [INFO] Validating login error message | {"actual": "Epic sadface: Username and password do not match any user in this service", "expected": "Epic sadface: Username and password do not match any user in this service"}
[2026-06-11T13:58:29] [INFO] ✅ Validation Passed: Login error message matches expected value
[2026-06-11T13:58:29] [INFO] Step: Submitting login form
[2026-06-11T13:58:29] [INFO] Step: Submitting login form
[2026-06-11T13:58:29] [INFO] Step: Validating login error message
[2026-06-11T13:58:29] [INFO] Validating login error message | {"actual": "Epic sadface: Sorry, this user has been locked out.", "expected": "Epic sadface: Sorry, this user has been locked out."}
[2026-06-11T13:58:29] [INFO] ✅ Validation Passed: Login error message matches expected value
[2026-06-11T13:58:30] [INFO] Step: Validating login error message
[2026-06-11T13:58:30] [INFO] Validating login error message | {"actual": "Epic sadface: Username and password do not match any user in this service", "expected": "Epic sadface: Username and password do not match any user in this service"}
[2026-06-11T13:58:30] [INFO] ✅ Validation Passed: Login error message matches expected value
[2026-06-11T13:58:31] [INFO] API POST Response received | {"duration": "3646.01ms", "status": 201}
[2026-06-11T13:58:31] [INFO] Step: Validating API HTTP Status | {"actual": 201, "expected": 201}
[2026-06-11T13:58:31] [INFO] Validating HTTP status code | {"actual": 201, "expected": 201}
[2026-06-11T13:58:31] [INFO] ✅ Validation Passed: API Status matches
[2026-06-11T13:58:31] [INFO] Step: Validating transaction ID | {"id": 101}
[2026-06-11T13:58:31] [INFO] Validating transaction ID format | {"id": 101}
[2026-06-11T13:58:31] [INFO] ✅ Validation Passed: Transaction ID is valid and numeric
[2026-06-11T13:58:32] [INFO] Step: Navigating to login page
[2026-06-11T13:58:32] [INFO] [LoginPage] Navigation attempt 1/3 | {"url": "https://www.saucedemo.com/"}
[2026-06-11T13:58:33] [INFO] Step: Navigating to login page
[2026-06-11T13:58:33] [INFO] [LoginPage] Navigation attempt 1/3 | {"url": "https://www.saucedemo.com/"}
[2026-06-11T13:58:33] [INFO] [LoginPage] Navigation successful | {"attempt": 1}
[2026-06-11T13:58:33] [INFO] Step: Inserting user credentials | {"username": "prasad"}
[2026-06-11T13:58:34] [INFO] Step: Submitting login form
[2026-06-11T13:58:34] [INFO] Step: Validating login error message
[2026-06-11T13:58:34] [INFO] Validating login error message | {"actual": "Epic sadface: Username and password do not match any user in this service", "expected": "Epic sadface: Username and password do not match any user in this service"}
[2026-06-11T13:58:34] [INFO] ✅ Validation Passed: Login error message matches expected value
[2026-06-11T13:58:35] [INFO] [LoginPage] Navigation successful | {"attempt": 1}
[2026-06-11T13:58:35] [INFO] Step: Inserting user credentials | {"username": "problem_user"}
[2026-06-11T13:58:36] [INFO] Step: Submitting login form
[2026-06-11T13:58:36] [INFO] Step: Validating login error message
[2026-06-11T13:58:36] [INFO] Validating login error message | {"actual": "Epic sadface: Username and password do not match any user in this service", "expected": "Epic sadface: Username and password do not match any user in this service"}
[2026-06-11T13:58:36] [INFO] ✅ Validation Passed: Login error message matches expected value
[2026-06-11T13:58:37] [INFO] Step: Navigating to login page
[2026-06-11T13:58:37] [INFO] [LoginPage] Navigation attempt 1/3 | {"url": "https://www.saucedemo.com/"}
[2026-06-11T13:58:38] [INFO] [LoginPage] Navigation successful | {"attempt": 1}
[2026-06-11T13:58:38] [INFO] Step: Inserting user credentials | {"username": ""}
[2026-06-11T13:58:38] [INFO] Step: Navigating to login page
[2026-06-11T13:58:38] [INFO] [LoginPage] Navigation attempt 1/3 | {"url": "https://www.saucedemo.com/"}
[2026-06-11T13:58:39] [INFO] Step: Submitting login form
[2026-06-11T13:58:39] [INFO] Step: Validating login error message
[2026-06-11T13:58:39] [INFO] Validating login error message | {"actual": "Epic sadface: Username is required", "expected": "Epic sadface: Username is required"}
[2026-06-11T13:58:39] [INFO] ✅ Validation Passed: Login error message matches expected value
[2026-06-11T13:58:40] [INFO] [LoginPage] Navigation successful | {"attempt": 1}
[2026-06-11T13:58:40] [INFO] Step: Inserting user credentials | {"username": "locked_out_user"}
[2026-06-11T13:58:40] [INFO] Step: Navigating to login page
[2026-06-11T13:58:40] [INFO] [LoginPage] Navigation attempt 1/3 | {"url": "https://www.saucedemo.com/"}
[2026-06-11T13:58:41] [INFO] Step: Submitting login form
[2026-06-11T13:58:41] [INFO] Step: Validating login error message
[2026-06-11T13:58:41] [INFO] Validating login error message | {"actual": "Epic sadface: Sorry, this user has been locked out.", "expected": "Epic sadface: Sorry, this user has been locked out."}
[2026-06-11T13:58:41] [INFO] ✅ Validation Passed: Login error message matches expected value
[2026-06-11T13:58:41] [INFO] [LoginPage] Navigation successful | {"attempt": 1}
[2026-06-11T13:58:41] [INFO] Step: Inserting user credentials | {"username": "problem_user"}
[2026-06-11T13:58:42] [INFO] Step: Submitting login form
[2026-06-11T13:58:42] [INFO] Step: Validating login error message
[2026-06-11T13:58:42] [INFO] Validating login error message | {"actual": "Epic sadface: Password is required", "expected": "Epic sadface: Password is required"}
[2026-06-11T13:58:42] [INFO] ✅ Validation Passed: Login error message matches expected value
[2026-06-11T14:00:48] [INFO] 
========== TEST RUN STARTED: 2026-06-11T08:30:48.822727Z ==========

[2026-06-11T14:00:48] [INFO] ✅ Environment validation successful
[2026-06-11T14:00:51] [INFO] 
========== TEST RUN STARTED: 2026-06-11T08:30:51.294082Z ==========

[2026-06-11T14:00:51] [INFO] 
========== TEST RUN STARTED: 2026-06-11T08:30:51.671502Z ==========

[2026-06-11T14:00:51] [INFO] ✅ Environment validation successful
[2026-06-11T14:00:52] [INFO] ✅ Environment validation successful
[2026-06-11T14:00:52] [INFO] 
========== TEST RUN STARTED: 2026-06-11T08:30:52.097651Z ==========

[2026-06-11T14:00:52] [INFO] 
========== TEST RUN STARTED: 2026-06-11T08:30:52.430735Z ==========

[2026-06-11T14:00:52] [INFO] ✅ Environment validation successful
[2026-06-11T14:00:52] [INFO] ✅ Environment validation successful
[2026-06-11T14:00:53] [INFO] 
========== TEST RUN STARTED: 2026-06-11T08:30:53.026770Z ==========

[2026-06-11T14:00:53] [INFO] 
========== TEST RUN STARTED: 2026-06-11T08:30:53.296252Z ==========

[2026-06-11T14:00:53] [INFO] ✅ Environment validation successful
[2026-06-11T14:00:53] [INFO] 
========== TEST RUN STARTED: 2026-06-11T08:30:53.434682Z ==========

[2026-06-11T14:00:53] [INFO] ✅ Environment validation successful
[2026-06-11T14:00:53] [INFO] 
========== TEST RUN STARTED: 2026-06-11T08:30:53.676157Z ==========

[2026-06-11T14:00:53] [INFO] ✅ Environment validation successful
[2026-06-11T14:00:53] [INFO] ✅ Environment validation successful
[2026-06-11T14:00:57] [INFO] Step: Executing Bank Transaction API Request | {"title": "AML Alert", "userId": 1}
[2026-06-11T14:00:57] [INFO] API POST Request initiated | {"url": "https://jsonplaceholder.typicode.com/posts", "body": {"title": "AML Alert", "body": "AML Compliance Alert Triggered", "userId": 1}}
[2026-06-11T14:00:57] [INFO] Step: Navigating to login page
[2026-06-11T14:00:57] [INFO] [LoginPage] Navigation attempt 1/3 | {"url": "https://www.saucedemo.com/"}
[2026-06-11T14:00:57] [INFO] Step: Navigating to login page
[2026-06-11T14:00:57] [INFO] [LoginPage] Navigation attempt 1/3 | {"url": "https://www.saucedemo.com/"}
[2026-06-11T14:00:57] [INFO] Step: Navigating to login page
[2026-06-11T14:00:57] [INFO] [LoginPage] Navigation attempt 1/3 | {"url": "https://www.saucedemo.com/"}
[2026-06-11T14:00:57] [INFO] Step: Navigating to login page
[2026-06-11T14:00:57] [INFO] [LoginPage] Navigation attempt 1/3 | {"url": "https://www.saucedemo.com/"}
[2026-06-11T14:00:57] [INFO] Step: Navigating to login page
[2026-06-11T14:00:57] [INFO] [LoginPage] Navigation attempt 1/3 | {"url": "https://www.saucedemo.com/"}
[2026-06-11T14:00:58] [INFO] [LoginPage] Navigation successful | {"attempt": 1}
[2026-06-11T14:00:58] [INFO] Step: Inserting user credentials | {"username": "problem_user"}
[2026-06-11T14:00:58] [INFO] [LoginPage] Navigation successful | {"attempt": 1}
[2026-06-11T14:00:58] [INFO] Step: Inserting user credentials | {"username": "prasad"}
[2026-06-11T14:00:58] [INFO] [LoginPage] Navigation successful | {"attempt": 1}
[2026-06-11T14:00:58] [INFO] Step: Inserting user credentials | {"username": "locked_out_user"}
[2026-06-11T14:00:58] [INFO] [LoginPage] Navigation successful | {"attempt": 1}
[2026-06-11T14:00:58] [INFO] Step: Inserting user credentials | {"username": "problem_user"}
[2026-06-11T14:00:58] [INFO] [LoginPage] Navigation successful | {"attempt": 1}
[2026-06-11T14:00:58] [INFO] Step: Inserting user credentials | {"username": ""}
[2026-06-11T14:00:58] [INFO] Step: Submitting login form
[2026-06-11T14:00:59] [INFO] Step: Submitting login form
[2026-06-11T14:00:59] [INFO] Step: Submitting login form
[2026-06-11T14:00:59] [INFO] Step: Submitting login form
[2026-06-11T14:00:59] [INFO] Step: Validating login error message
[2026-06-11T14:00:59] [INFO] Validating login error message | {"actual": "Epic sadface: Password is required", "expected": "Epic sadface: Password is required"}
[2026-06-11T14:00:59] [INFO] ✅ Validation Passed: Login error message matches expected value
[2026-06-11T14:00:59] [INFO] Step: Validating login error message
[2026-06-11T14:00:59] [INFO] Step: Validating login error message
[2026-06-11T14:00:59] [INFO] Step: Validating login error message
[2026-06-11T14:00:59] [INFO] Validating login error message | {"actual": "Epic sadface: Username is required", "expected": "Epic sadface: Username is required"}
"Epic sadface: Username and password do not match any user in this service"}
[2026-06-11T14:00:59] [INFO] ✅ Validation Passed: Login error message matches expected value
[2026-06-11T14:00:59] [INFO] Validating login error message | {"actual": "Epic sadface: Sorry, this user has been locked out.", "expected": "Epic sadface: Sorry, this user has been locked out."}
[2026-06-11T14:00:59] [INFO] ✅ Validation Passed: Login error message matches expected value
[2026-06-11T14:00:59] [INFO] ✅ Validation Passed: Login error message matches expected value
[2026-06-11T14:00:59] [INFO] Step: Submitting login form
[2026-06-11T14:00:59] [INFO] Step: Validating login error message
[2026-06-11T14:01:00] [INFO] Validating login error message | {"actual": "Epic sadface: Username and password do not match any user in this service", "expected": "Epic sadface: Username and password do not match any user in this service"}
[2026-06-11T14:01:00] [INFO] ✅ Validation Passed: Login error message matches expected value
[2026-06-11T14:01:00] [INFO] API POST Response received | {"duration": "2849.04ms", "status": 201}
[2026-06-11T14:01:00] [INFO] Step: Validating API HTTP Status | {"actual": 201, "expected": 201}
[2026-06-11T14:01:00] [INFO] Validating HTTP status code | {"actual": 201, "expected": 201}
[2026-06-11T14:01:00] [INFO] ✅ Validation Passed: API Status matches
[2026-06-11T14:01:00] [INFO] Step: Validating transaction ID | {"id": 101}
[2026-06-11T14:01:00] [INFO] Validating transaction ID format | {"id": 101}
[2026-06-11T14:01:00] [INFO] ✅ Validation Passed: Transaction ID is valid and numeric
[2026-06-11T14:01:02] [INFO] Step: Navigating to login page
[2026-06-11T14:01:02] [INFO] [LoginPage] Navigation attempt 1/3 | {"url": "https://www.saucedemo.com/"}
[2026-06-11T14:01:03] [INFO] Step: Navigating to login page
[2026-06-11T14:01:03] [INFO] [LoginPage] Navigation attempt 1/3 | {"url": "https://www.saucedemo.com/"}
[2026-06-11T14:01:03] [INFO] [LoginPage] Navigation successful | {"attempt": 1}
[2026-06-11T14:01:03] [INFO] Step: Inserting user credentials | {"username": "problem_user"}
[2026-06-11T14:01:04] [INFO] Step: Submitting login form
[2026-06-11T14:01:04] [INFO] Step: Validating login error message
[2026-06-11T14:01:04] [INFO] Validating login error message | {"actual": "Epic sadface: Username and password do not match any user in this service", "expected": "Epic sadface: Username and password do not match any user in this service"}
[2026-06-11T14:01:04] [INFO] ✅ Validation Passed: Login error message matches expected value
[2026-06-11T14:01:05] [INFO] [LoginPage] Navigation successful | {"attempt": 1}
[2026-06-11T14:01:05] [INFO] Step: Inserting user credentials | {"username": "prasad"}
[2026-06-11T14:01:05] [INFO] Step: Submitting login form
[2026-06-11T14:01:06] [INFO] Step: Validating login error message
[2026-06-11T14:01:06] [INFO] Validating login error message | {"actual": "Epic sadface: Username and password do not match any user in this service", "expected": "Epic sadface: Username and password do not match any user in this service"}
[2026-06-11T14:01:06] [INFO] ✅ Validation Passed: Login error message matches expected value
[2026-06-11T14:01:07] [INFO] Step: Navigating to login page
[2026-06-11T14:01:07] [INFO] [LoginPage] Navigation attempt 1/3 | {"url": "https://www.saucedemo.com/"}
[2026-06-11T14:01:08] [INFO] [LoginPage] Navigation successful | {"attempt": 1}
[2026-06-11T14:01:08] [INFO] Step: Inserting user credentials | {"username": "problem_user"}
[2026-06-11T14:01:08] [INFO] Step: Navigating to login page
[2026-06-11T14:01:08] [INFO] [LoginPage] Navigation attempt 1/3 | {"url": "https://www.saucedemo.com/"}
[2026-06-11T14:01:09] [INFO] Step: Submitting login form
[2026-06-11T14:01:09] [INFO] Step: Validating login error message
[2026-06-11T14:01:09] [INFO] Validating login error message | {"actual": "Epic sadface: Password is required", "expected": "Epic sadface: Password is required"}
[2026-06-11T14:01:09] [INFO] ✅ Validation Passed: Login error message matches expected value
[2026-06-11T14:01:10] [INFO] [LoginPage] Navigation successful | {"attempt": 1}
[2026-06-11T14:01:10] [INFO] Step: Inserting user credentials | {"username": ""}
[2026-06-11T14:01:10] [INFO] Step: Submitting login form
[2026-06-11T14:01:11] [INFO] Step: Validating login error message
[2026-06-11T14:01:11] [INFO] Validating login error message | {"actual": "Epic sadface: Username is required", "expected": "Epic sadface: Username is required"}
[2026-06-11T14:01:11] [INFO] ✅ Validation Passed: Login error message matches expected value
[2026-06-11T14:01:11] [INFO] Step: Navigating to login page
[2026-06-11T14:01:11] [INFO] [LoginPage] Navigation attempt 1/3 | {"url": "https://www.saucedemo.com/"}
[2026-06-11T14:01:12] [INFO] [LoginPage] Navigation successful | {"attempt": 1}
[2026-06-11T14:01:12] [INFO] Step: Inserting user credentials | {"username": "locked_out_user"}
[2026-06-11T14:01:13] [INFO] Step: Submitting login form
[2026-06-11T14:01:13] [INFO] Step: Validating login error message
[2026-06-11T14:01:13] [INFO] Validating login error message | {"actual": "Epic sadface: Sorry, this user has been locked out.", "expected": "Epic sadface: Sorry, this user has been locked out."}
[2026-06-11T14:01:13] [INFO] ✅ Validation Passed: Login error message matches expected value
[2026-06-11T14:02:29] [INFO] 
========== TEST RUN STARTED: 2026-06-11T08:32:29.362772Z ==========

[2026-06-11T14:02:29] [INFO] ✅ Environment validation successful
[2026-06-11T14:02:31] [INFO] 
========== TEST RUN STARTED: 2026-06-11T08:32:31.645654Z ==========

[2026-06-11T14:02:31] [INFO] 
========== TEST RUN STARTED: 2026-06-11T08:32:31.906514Z ==========

[2026-06-11T14:02:31] [INFO] ✅ Environment validation successful
[2026-06-11T14:02:32] [INFO] ✅ Environment validation successful
[2026-06-11T14:02:32] [INFO] 
========== TEST RUN STARTED: 2026-06-11T08:32:32.337141Z ==========

[2026-06-11T14:02:32] [INFO] ✅ Environment validation successful
[2026-06-11T14:02:32] [INFO] 
========== TEST RUN STARTED: 2026-06-11T08:32:32.725350Z ==========

[2026-06-11T14:02:33] [INFO] 
========== TEST RUN STARTED: 2026-06-11T08:32:33.003049Z ==========

[2026-06-11T14:02:33] [INFO] ✅ Environment validation successful
[2026-06-11T14:02:33] [INFO] ✅ Environment validation successful
[2026-06-11T14:02:33] [INFO] 
========== TEST RUN STARTED: 2026-06-11T08:32:33.352577Z ==========

[2026-06-11T14:02:33] [INFO] ✅ Environment validation successful
[2026-06-11T14:02:33] [INFO] 
========== TEST RUN STARTED: 2026-06-11T08:32:33.651658Z ==========

[2026-06-11T14:02:33] [INFO] 
========== TEST RUN STARTED: 2026-06-11T08:32:33.758227Z ==========

[2026-06-11T14:02:33] [INFO] ✅ Environment validation successful
[2026-06-11T14:02:34] [INFO] ✅ Environment validation successful
[2026-06-11T14:02:37] [INFO] Step: Navigating to login page
[2026-06-11T14:02:37] [INFO] [LoginPage] Navigation attempt 1/3 | {"url": "https://www.saucedemo.com/"}
[2026-06-11T14:02:37] [INFO] Step: Navigating to login page
[2026-06-11T14:02:37] [INFO] [LoginPage] Navigation attempt 1/3 | {"url": "https://www.saucedemo.com/"}
[2026-06-11T14:02:37] [INFO] Step: Navigating to login page
[2026-06-11T14:02:37] [INFO] [LoginPage] Navigation attempt 1/3 | {"url": "https://www.saucedemo.com/"}
[2026-06-11T14:02:38] [INFO] [LoginPage] Navigation successful | {"attempt": 1}
[2026-06-11T14:02:38] [INFO] Step: Inserting user credentials | {"username": "problem_user"}
[2026-06-11T14:02:38] [INFO] [LoginPage] Navigation successful | {"attempt": 1}
[2026-06-11T14:02:38] [INFO] Step: Inserting user credentials | {"username": "locked_out_user"}
[2026-06-11T14:02:38] [INFO] [LoginPage] Navigation successful | {"attempt": 1}
[2026-06-11T14:02:38] [INFO] Step: Inserting user credentials | {"username": "prasad"}
[2026-06-11T14:02:38] [INFO] Step: Submitting login form
[2026-06-11T14:02:38] [INFO] Step: Submitting login form
[2026-06-11T14:02:38] [INFO] Step: Validating login error message
[2026-06-11T14:02:38] [INFO] Validating login error message | {"actual": "Epic sadface: Password is required", "expected": "Epic sadface: Password is required"}
[2026-06-11T14:02:38] [INFO] ✅ Validation Passed: Login error message matches expected value
[2026-06-11T14:02:38] [INFO] Step: Navigating to login page
[2026-06-11T14:02:38] [INFO] [LoginPage] Navigation attempt 1/3 | {"url": "https://www.saucedemo.com/"}
[2026-06-11T14:02:38] [INFO] Step: Validating login error message
[2026-06-11T14:02:38] [INFO] Validating login error message | {"actual": "Epic sadface: Sorry, this user has been locked out.", "expected": "Epic sadface: Sorry, this user has been locked out."}
[2026-06-11T14:02:38] [INFO] ✅ Validation Passed: Login error message matches expected value
[2026-06-11T14:02:38] [INFO] Step: Submitting login form
[2026-06-11T14:02:39] [INFO] Step: Executing Bank Transaction API Request | {"title": "AML Alert", "userId": 1}
[2026-06-11T14:02:39] [INFO] API POST Request initiated | {"url": "https://jsonplaceholder.typicode.com/posts", "body": {"title": "AML Alert", "body": "AML Compliance Alert Triggered", "userId": 1}}
[2026-06-11T14:02:39] [INFO] Step: Validating login error message
[2026-06-11T14:02:39] [INFO] Validating login error message | {"actual": "Epic sadface: Username and password do not match any user in this service", "expected": "Epic sadface: Username and password do not match any user in this service"}
[2026-06-11T14:02:39] [INFO] ✅ Validation Passed: Login error message matches expected value
[2026-06-11T14:02:39] [INFO] Step: Navigating to login page
[2026-06-11T14:02:39] [INFO] [LoginPage] Navigation attempt 1/3 | {"url": "https://www.saucedemo.com/"}
[2026-06-11T14:02:39] [INFO] Step: Navigating to login page
[2026-06-11T14:02:39] [INFO] [LoginPage] Navigation attempt 1/3 | {"url": "https://www.saucedemo.com/"}
[2026-06-11T14:02:39] [INFO] Step: Navigating to login page
[2026-06-11T14:02:39] [INFO] [LoginPage] Navigation attempt 1/3 | {"url": "https://www.saucedemo.com/"}
[2026-06-11T14:02:40] [INFO] [LoginPage] Navigation successful | {"attempt": 1}
[2026-06-11T14:02:40] [INFO] Step: Inserting user credentials | {"username": ""}
[2026-06-11T14:02:40] [INFO] [LoginPage] Navigation successful | {"attempt": 1}
[2026-06-11T14:02:40] [INFO] Step: Inserting user credentials | {"username": "problem_user"}
[2026-06-11T14:02:40] [INFO] [LoginPage] Navigation successful | {"attempt": 1}
[2026-06-11T14:02:40] [INFO] Step: Inserting user credentials | {"username": "problem_user"}
[2026-06-11T14:02:40] [INFO] [LoginPage] Navigation successful | {"attempt": 1}
[2026-06-11T14:02:40] [INFO] Step: Inserting user credentials | {"username": ""}
[2026-06-11T14:02:40] [INFO] Step: Submitting login form
[2026-06-11T14:02:40] [INFO] Step: Submitting login form
[2026-06-11T14:02:40] [INFO] Step: Validating login error message
[2026-06-11T14:02:40] [INFO] Step: Validating login error message
[2026-06-11T14:02:40] [INFO] Validating login error message | {"actual": "Epic sadface: Username is required", "expected": "Epic sadface: Username is required"}
[2026-06-11T14:02:40] [INFO] ✅ Validation Passed: Login error message matches expected value
[2026-06-11T14:02:40] [INFO] Validating login error message | {"actual": "Epic sadface: Username and password do not match any user in this service", "expected": "Epic sadface: Username and password do not match any user in this service"}
[2026-06-11T14:02:40] [INFO] ✅ Validation Passed: Login error message matches expected value
[2026-06-11T14:02:42] [INFO] Step: Navigating to login page
[2026-06-11T14:02:42] [INFO] [LoginPage] Navigation attempt 1/3 | {"url": "https://www.saucedemo.com/"}
[2026-06-11T14:02:42] [INFO] Step: Submitting login form
[2026-06-11T14:02:42] [INFO] Step: Submitting login form
[2026-06-11T14:02:42] [INFO] Step: Validating login error message
[2026-06-11T14:02:43] [INFO] Validating login error message | {"actual": "Epic sadface: Username is required", "expected": "Epic sadface: Username is required"}
[2026-06-11T14:02:43] [INFO] ✅ Validation Passed: Login error message matches expected value
[2026-06-11T14:02:43] [INFO] Step: Validating login error message
[2026-06-11T14:02:43] [INFO] Validating login error message | {"actual": "Epic sadface: Username and password do not match any user in this service", "expected": "Epic sadface: Username and password do not match any user in this service"}
[2026-06-11T14:02:43] [INFO] ✅ Validation Passed: Login error message matches expected value
[2026-06-11T14:02:43] [INFO] [LoginPage] Navigation successful | {"attempt": 1}
[2026-06-11T14:02:43] [INFO] Step: Inserting user credentials | {"username": ""}
[2026-06-11T14:02:44] [INFO] Step: Navigating to login page
[2026-06-11T14:02:44] [INFO] [LoginPage] Navigation attempt 1/3 | {"url": "https://www.saucedemo.com/"}
[2026-06-11T14:02:44] [INFO] Step: Submitting login form
[2026-06-11T14:02:44] [INFO] Step: Validating login error message
[2026-06-11T14:02:44] [INFO] Validating login error message | {"actual": "Epic sadface: Username is required", "expected": "Epic sadface: Username is required"}
[2026-06-11T14:02:44] [INFO] ✅ Validation Passed: Login error message matches expected value
[2026-06-11T14:02:44] [INFO] Step: Navigating to login page
[2026-06-11T14:02:44] [INFO] [LoginPage] Navigation attempt 1/3 | {"url": "https://www.saucedemo.com/"}
[2026-06-11T14:02:44] [INFO] Step: Navigating to login page
[2026-06-11T14:02:44] [INFO] [LoginPage] Navigation attempt 1/3 | {"url": "https://www.saucedemo.com/"}
[2026-06-11T14:02:45] [INFO] Step: Navigating to login page
[2026-06-11T14:02:45] [INFO] [LoginPage] Navigation attempt 1/3 | {"url": "https://www.saucedemo.com/"}
[2026-06-11T14:02:46] [INFO] [LoginPage] Navigation successful | {"attempt": 1}
[2026-06-11T14:02:46] [INFO] Step: Inserting user credentials | {"username": "problem_user"}
[2026-06-11T14:02:46] [INFO] [LoginPage] Navigation successful | {"attempt": 1}
[2026-06-11T14:02:46] [INFO] Step: Inserting user credentials | {"username": "problem_user"}
[2026-06-11T14:02:46] [INFO] [LoginPage] Navigation successful | {"attempt": 1}
[2026-06-11T14:02:46] [INFO] Step: Inserting user credentials | {"username": "locked_out_user"}
[2026-06-11T14:02:46] [INFO] Step: Submitting login form
[2026-06-11T14:02:46] [INFO] Step: Validating login error message
[2026-06-11T14:02:47] [INFO] Validating login error message | {"actual": "Epic sadface: Username and password do not match any user in this service", "expected": "Epic sadface: Username and password do not match any user in this service"}
[2026-06-11T14:02:47] [INFO] ✅ Validation Passed: Login error message matches expected value
[2026-06-11T14:02:47] [INFO] Step: Submitting login form
[2026-06-11T14:02:47] [INFO] Step: Validating login error message
[2026-06-11T14:02:47] [INFO] Validating login error message | {"actual": "Epic sadface: Sorry, this user has been locked out.", "expected": "Epic sadface: Sorry, this user has been locked out."}
[2026-06-11T14:02:47] [INFO] ✅ Validation Passed: Login error message matches expected value
[2026-06-11T14:02:47] [INFO] [LoginPage] Navigation successful | {"attempt": 1}
[2026-06-11T14:02:47] [INFO] Step: Inserting user credentials | {"username": "locked_out_user"}
[2026-06-11T14:02:48] [INFO] Step: Submitting login form
[2026-06-11T14:02:48] [INFO] Step: Submitting login form
[2026-06-11T14:02:48] [INFO] Step: Navigating to login page
[2026-06-11T14:02:48] [INFO] [LoginPage] Navigation attempt 1/3 | {"url": "https://www.saucedemo.com/"}
[2026-06-11T14:02:49] [INFO] Step: Validating login error message
[2026-06-11T14:02:49] [INFO] Validating login error message | {"actual": "Epic sadface: Password is required", "expected": "Epic sadface: Password is required"}
[2026-06-11T14:02:49] [INFO] ✅ Validation Passed: Login error message matches expected value
[2026-06-11T14:02:49] [INFO] Step: Validating login error message
[2026-06-11T14:02:49] [INFO] [LoginPage] Navigation successful | {"attempt": 1}
[2026-06-11T14:02:49] [INFO] Step: Inserting user credentials | {"username": "problem_user"}
[2026-06-11T14:02:49] [INFO] Validating login error message | {"actual": "Epic sadface: Sorry, this user has been locked out.", "expected": "Epic sadface: Sorry, this user has been locked out."}
[2026-06-11T14:02:49] [INFO] ✅ Validation Passed: Login error message matches expected value
[2026-06-11T14:02:50] [INFO] Step: Submitting login form
[2026-06-11T14:02:50] [INFO] Step: Validating login error message
[2026-06-11T14:02:50] [INFO] Validating login error message | {"actual": "Epic sadface: Password is required", "expected": "Epic sadface: Password is required"}
[2026-06-11T14:02:50] [INFO] ✅ Validation Passed: Login error message matches expected value
[2026-06-11T14:02:54] [INFO] Step: Navigating to login page
[2026-06-11T14:02:54] [INFO] [LoginPage] Navigation attempt 1/3 | {"url": "https://www.saucedemo.com/"}
[2026-06-11T14:02:55] [INFO] [LoginPage] Navigation successful | {"attempt": 1}
[2026-06-11T14:02:55] [INFO] Step: Inserting user credentials | {"username": "prasad"}
[2026-06-11T14:02:55] [INFO] Step: Submitting login form
[2026-06-11T14:02:56] [INFO] Step: Validating login error message
[2026-06-11T14:02:56] [INFO] Validating login error message | {"actual": "Epic sadface: Username and password do not match any user in this service", "expected": "Epic sadface: Username and password do not match any user in this service"}
[2026-06-11T14:02:56] [INFO] ✅ Validation Passed: Login error message matches expected value
[2026-06-11T14:03:02] [INFO] API POST Response received | {"duration": "23028.66ms", "status": 201}
[2026-06-11T14:03:02] [INFO] Step: Validating API HTTP Status | {"actual": 201, "expected": 201}
[2026-06-11T14:03:02] [INFO] Validating HTTP status code | {"actual": 201, "expected": 201}
[2026-06-11T14:03:02] [INFO] ✅ Validation Passed: API Status matches
[2026-06-11T14:03:02] [INFO] Step: Validating transaction ID | {"id": 101}
[2026-06-11T14:03:02] [INFO] Validating transaction ID format | {"id": 101}
[2026-06-11T14:03:02] [INFO] ✅ Validation Passed: Transaction ID is valid and numeric
[2026-06-11T14:03:04] [INFO] Step: Navigating to login page
[2026-06-11T14:03:04] [INFO] [LoginPage] Navigation attempt 1/3 | {"url": "https://www.saucedemo.com/"}
[2026-06-11T14:03:04] [INFO] [LoginPage] Navigation successful | {"attempt": 1}
[2026-06-11T14:03:04] [INFO] Step: Inserting user credentials | {"username": "prasad"}
[2026-06-11T14:03:05] [INFO] Step: Submitting login form
[2026-06-11T14:03:05] [INFO] Step: Validating login error message
[2026-06-11T14:03:05] [INFO] Validating login error message | {"actual": "Epic sadface: Username and password do not match any user in this service", "expected": "Epic sadface: Username and password do not match any user in this service"}
[2026-06-11T14:03:05] [INFO] ✅ Validation Passed: Login error message matches expected value
